REF,H5_numbering,H7_numbering,H9_numbering,H1_numbering,H3_numbering,H2_numbering,H4_numbering,H6_numbering,H8_numbering,H10_numbering,H11_numbering,H12_numbering,H13_numbering,H14_numbering,H15_numbering,H16_numbering,H17_numbering,H18_numbering,PROTEIN
-,-10,-10,-10,-10,1,-10,-4,-10,-10,-9,-10,-10,-10,-1,-10,-10,-10,-10,HA1
-,-9,-9,-9,-9,2,-9,-3,-9,-9,-8,-9,-9,-9,1,-9,-9,-9,-9,HA1
-,-8,-8,-8,-8,3,-8,-2,-8,-8,-7,-8,-8,-8,2,-8,-8,-8,-8,HA1
-,-7,-7,-7,-7,4,-7,-1,-7,-7,-6,-7,-7,-7,3,-7,-7,-7,-7,HA1
-,-6,-6,-6,-6,5,-6,1,-6,-6,-5,-6,-6,-6,4,-6,-6,-6,-6,HA1
-,-5,-5,-5,-5,6,-5,2,-5,-5,-4,-5,-5,-5,5,-5,-5,-5,-5,HA1
-,-4,-4,-4,-4,7,-4,3,-4,-4,-3,-4,-4,-4,6,-4,-4,-4,-4,HA1
-,-3,-3,-3,-3,8,-3,4,-3,-3,-2,-3,-3,-3,7,-3,-3,-3,-3,HA1
-,-2,-2,-2,-2,9,-2,5,-2,-2,-1,-2,-2,-2,8,-2,-2,-2,-2,HA1
-,-1,-1,-1,-1,10,-1,6,-1,-1,1,-1,-1,-1,9,-1,-1,-1,-1,HA1
D,1,1,1,1,11,1,7,1,1,2,1,1,1,10,1,1,1,1,HA1
Q,2,2,2,2,12,2,8,2,2,3,2,2,2,11,2,2,2,2,HA1
I,3,3,3,3,13,3,9,3,3,4,3,3,3,12,3,3,3,3,HA1
C,4,4,4,4,14,4,10,4,4,5,4,4,4,13,4,4,4,4,HA1
I,5,5,5,5,15,5,11,5,5,6,5,5,5,14,5,5,5,5,HA1
G,6,6,6,6,16,6,12,6,6,7,6,6,6,15,6,6,6,6,HA1
Y,7,7,7,7,17,7,13,7,7,8,7,7,7,16,7,7,7,7,HA1
H,8,8,8,8,18,8,14,8,8,9,8,8,8,17,8,8,8,8,HA1
A,9,9,9,9,19,9,15,9,9,10,9,9,9,18,9,9,9,9,HA1
N,10,10,10,10,20,10,16,10,10,11,10,10,10,19,10,10,10,10,HA1
N,11,11,11,11,21,11,17,11,11,12,11,11,11,20,11,11,11,11,HA1
S,12,12,12,12,22,12,18,12,12,13,12,12,12,21,12,12,12,12,HA1
T,13,13,13,13,23,13,19,13,13,14,13,13,13,22,13,13,13,13,HA1
E,14,14,14,14,24,14,20,14,14,15,14,14,14,23,14,14,14,14,HA1
Q,15,15,15,15,25,15,21,15,15,16,15,15,15,24,15,15,15,15,HA1
V,16,16,16,16,26,16,22,16,16,17,16,16,16,25,16,16,16,16,HA1
D,17,17,17,17,27,17,23,17,17,18,17,17,17,26,17,17,17,17,HA1
T,18,18,18,18,28,18,24,18,18,19,18,18,18,27,18,18,18,18,HA1
I,19,19,19,19,29,19,25,19,19,20,19,19,19,28,19,19,19,19,HA1
M,20,20,20,20,30,20,26,20,20,21,20,20,20,29,20,20,20,20,HA1
E,21,21,21,21,31,21,27,21,21,22,21,21,21,30,21,21,21,21,HA1
K,22,22,22,22,32,22,28,22,22,23,22,22,22,31,22,22,22,22,HA1
N,23,23,23,23,33,23,29,23,23,24,23,23,23,32,23,23,23,23,HA1
V,24,24,24,24,34,24,30,24,24,25,24,24,24,33,24,24,24,24,HA1
T,25,25,25,25,35,25,31,25,25,26,25,25,25,34,25,25,25,25,HA1
V,26,26,26,26,36,26,32,26,26,27,26,26,26,35,26,26,26,26,HA1
T,27,27,27,27,37,27,33,27,27,28,27,27,27,36,27,27,27,27,HA1
H,28,28,28,28,38,28,34,28,28,29,28,28,28,37,28,28,28,28,HA1
A,29,29,29,29,39,29,35,29,29,30,29,29,29,38,29,29,29,29,HA1
Q,30,30,30,30,40,30,36,30,30,31,30,30,30,39,30,30,30,30,HA1
D,31,31,31,31,41,31,37,31,31,32,31,31,31,40,31,31,31,31,HA1
I,32,32,32,32,42,32,38,32,32,33,32,32,32,41,32,32,32,32,HA1
L,33,33,33,33,43,33,39,33,33,34,33,33,33,42,33,33,33,33,HA1
E,34,34,34,34,44,34,40,34,34,35,34,34,34,43,34,34,34,34,HA1
K,35,35,35,35,45,35,41,35,35,36,35,35,35,44,35,35,35,35,HA1
T,36,36,36,36,46,36,42,36,36,37,36,36,36,45,36,36,36,36,HA1
H,37,37,37,37,47,37,43,37,37,38,37,37,37,46,37,37,37,37,HA1
N,38,38,38,38,48,38,44,38,38,39,38,38,38,47,38,38,38,38,HA1
G,39,39,39,39,49,39,45,39,39,40,39,39,39,48,39,39,39,39,HA1
K,40,40,40,40,50,40,46,40,40,41,40,40,40,49,40,40,40,40,HA1
L,41,41,41,41,51,41,47,41,41,42,41,41,41,50,41,41,41,41,HA1
C,42,42,42,42,52,42,48,42,42,43,42,42,42,51,42,42,42,42,HA1
D,43,43,43,43,53,43,49,43,43,44,43,43,43,52,43,43,43,43,HA1
L,44,43a,44,44,53a,44,49a,44,44,44a,44,44,44,52a,43a,44,44,44,HA1
N,45,44,45,45,53b,45,49b,45,45,45,45,45,45,52b,44,45,45,45,HA1
G,46,45,46,46,53c,46,49c,46,46,46,46,46,46,52c,45,46,46,46,HA1
V,47,46,47,47,53d,47,49d,47,47,47,47,47,47,52d,46,47,47,47,HA1
K,48,47,48,48,54,48,50,48,48,48,48,48,48,53,47,48,48,48,HA1
P,49,48,49,49,55,49,51,49,49,49,49,49,49,54,48,49,49,49,HA1
L,50,49,50,50,56,50,52,50,50,50,50,50,50,55,49,50,50,50,HA1
I,51,50,51,51,57,51,53,51,51,51,51,51,51,56,50,51,51,51,HA1
L,52,51,52,52,58,52,54,52,52,52,52,52,52,57,51,52,52,52,HA1
K,53,52,53,53,59,53,55,53,53,53,53,53,53,58,52,53,53,53,HA1
D,54,53,54,54,60,54,56,54,54,54,54,54,54,59,53,54,54,54,HA1
-,54a,53a,54a,54a,61,54a,57,54a,54a,54a,54a,54a,54a,60,53a,54a,54a,54a,HA1
-,54b,53b,54b,54b,62,54b,58,54b,54b,54b,54b,54b,54b,61,53b,54b,54b,54b,HA1
-,54c,53c,54c,54c,63,54c,59,54c,54c,54c,54c,54c,54c,62,53c,54c,54c,54c,HA1
C,55,54,55,55,64,55,60,55,55,55,55,55,55,63,54,55,55,55,HA1
S,56,55,56,56,65,56,61,56,56,56,56,56,56,64,55,56,56,56,HA1
V,57,56,57,57,66,57,62,57,57,57,57,57,57,65,56,57,57,57,HA1
A,58,57,58,58,67,58,63,58,58,58,58,58,58,66,57,58,58,58,HA1
G,59,58,59,59,68,59,64,59,59,59,59,59,59,67,58,59,59,59,HA1
W,60,59,60,60,69,60,65,60,60,60,60,60,60,68,59,60,60,60,HA1
L,61,60,61,61,70,61,66,61,61,61,61,61,61,69,60,61,61,61,HA1
L,62,61,62,62,71,62,67,62,62,62,62,62,62,70,61,62,62,62,HA1
G,63,62,63,63,72,63,68,63,63,63,63,63,63,71,62,63,63,63,HA1
N,64,63,64,64,73,64,69,64,64,64,64,64,64,72,63,64,64,64,HA1
P,65,64,65,65,74,65,70,65,65,65,65,65,65,73,64,65,65,65,HA1
M,66,65,66,66,75,66,71,66,66,66,66,66,66,74,65,66,66,66,HA1
C,67,66,67,67,76,67,72,67,67,67,67,67,67,75,66,67,67,67,HA1
D,68,67,68,68,77,68,73,68,68,68,68,68,68,76,67,68,68,68,HA1
E,69,68,69,69,77a,69,73a,69,69,69,69,69,69,76a,68,69,69,69,HA1
F,70,69,70,70,78,70,74,70,70,70,70,70,70,77,69,70,70,70,HA1
I,71,70,71,71,79,71,75,71,71,71,71,71,71,78,70,71,71,71,HA1
R,72,71,72,72,80,72,76,72,72,72,72,72,72,79,71,72,72,72,HA1
V,73,72,73,73,81,73,77,73,73,73,73,73,73,80,72,73,73,73,HA1
P,74,73,74,74,82,74,78,74,74,73a,74,74,74,81,73,74,74,74,HA1
E,75,74,75,75,83,75,79,75,75,74,75,75,75,82,74,75,75,75,HA1
W,76,74a,76,76,84,76,80,76,76,75,76,76,76,83,74a,76,76,76,HA1
S,77,75,77,77,85,77,81,77,77,76,77,77,77,84,75,77,77,77,HA1
Y,78,76,78,78,86,78,82,78,78,77,78,78,78,85,76,78,78,78,HA1
I,79,77,79,79,87,79,83,79,79,78,79,79,79,86,77,79,79,79,HA1
V,80,78,80,80,88,80,84,80,80,79,80,80,80,87,78,80,80,80,HA1
E,81,79,81,81,89,81,85,81,81,80,81,81,81,88,79,81,81,81,HA1
R,82,80,82,82,90,82,86,82,82,81,82,82,82,89,80,82,82,82,HA1
A,83,81,83,83,91,83,87,83,83,82,83,83,83,90,81,83,83,83,HA1
N,84,82,84,84,92,84,88,84,84,83,84,84,84,91,82,84,84,84,HA1
P,85,83,85,85,93,85,89,85,85,84,85,85,85,92,83,85,85,85,HA1
A,86,84,86,86,94,86,90,86,86,85,86,86,86,93,84,86,86,86,HA1
N,87,85,87,87,95,87,91,87,87,86,87,87,87,94,85,87,87,87,HA1
D,88,86,88,88,96,88,92,88,88,87,88,88,88,95,86,88,88,88,HA1
L,89,86a,89,89,96a,89,92a,89,89,87a,89,89,89,95a,86a,89,89,89,HA1
C,90,87,90,90,97,90,93,90,90,88,90,90,90,96,87,90,90,90,HA1
Y,91,88,91,91,98,91,94,91,91,89,91,91,91,97,88,91,91,91,HA1
P,92,89,92,92,99,92,95,92,92,90,92,92,92,98,89,92,92,92,HA1
G,93,90,93,93,100,93,96,93,93,91,93,93,93,99,90,93,93,93,HA1
S,94,91,94,94,101,94,97,94,94,92,94,94,94,100,91,94,94,94,HA1
L,95,92,95,95,102,95,98,95,95,93,95,95,95,101,92,95,95,95,HA1
N,96,93,96,96,103,96,99,96,96,94,96,96,96,102,93,96,96,96,HA1
D,97,94,97,97,104,97,100,97,97,95,97,97,97,103,94,97,97,97,HA1
Y,98,95,98,98,105,98,101,98,98,96,98,98,98,104,95,98,98,98,HA1
E,99,96,99,99,106,99,102,99,99,97,99,99,99,105,96,99,99,99,HA1
E,100,97,100,100,107,100,103,100,100,98,100,100,100,106,97,100,100,100,HA1
L,101,98,101,101,108,101,104,101,101,99,101,101,101,107,98,101,101,101,HA1
K,102,99,102,102,109,102,105,102,102,100,102,102,102,108,99,102,102,102,HA1
H,103,100,103,103,110,103,106,103,103,101,103,103,103,109,100,103,103,103,HA1
M,104,101,104,104,111,104,107,104,104,102,104,104,104,110,101,104,104,104,HA1
L,105,102,105,105,112,105,108,105,105,103,105,105,105,111,102,105,105,105,HA1
S,106,103,106,106,113,106,109,106,106,104,106,106,106,112,103,106,106,106,HA1
R,107,104,107,107,114,107,110,107,107,105,107,107,107,113,104,107,107,107,HA1
I,108,105,108,108,115,108,111,108,108,106,108,108,108,114,105,108,108,108,HA1
N,109,106,109,109,116,109,112,109,109,107,109,109,109,115,106,109,109,109,HA1
H,110,107,110,110,117,110,113,110,110,108,110,110,110,116,107,110,110,110,HA1
F,111,108,111,111,118,111,114,111,111,109,111,111,111,117,108,111,111,111,HA1
E,112,109,112,112,119,112,115,112,112,110,112,112,112,118,109,112,112,112,HA1
K,113,110,113,113,120,113,116,113,113,111,113,113,113,119,110,113,113,113,HA1
I,114,111,114,114,121,114,117,114,114,112,114,114,114,120,111,114,114,114,HA1
L,115,112,115,115,122,115,118,115,115,113,115,115,115,121,112,115,115,115,HA1
I,116,113,116,116,123,116,119,116,116,114,116,116,116,122,113,116,116,116,HA1
I,117,114,117,117,124,117,120,117,117,115,117,117,117,123,114,117,117,117,HA1
P,118,114a,118,118,124a,118,120a,118,118,115a,118,118,118,123a,114a,118,118,118,HA1
K,119,114b,119,119,124b,119,120b,119,119,115b,119,119,119,123b,114b,119,119,119,HA1
-,119a,114c,119a,120,124c,119a,120c,119a,119a,115c,119a,119a,119a,123c,114c,119a,119a,119a,HA1
S,120,115,120,121,125,120,121,120,120,116,120,120,120,124,115,120,120,120,HA1
S,121,116,121,122,126,121,122,121,121,117,121,121,121,125,116,121,121,121,HA1
W,122,117,122,123,127,122,123,122,122,118,122,122,122,126,117,122,122,122,HA1
P,123,118,123,124,128,123,124,123,123,119,123,123,123,127,118,123,123,123,HA1
N,124,119,124,125,129,124,125,124,124,120,124,124,124,128,119,124,124,124,HA1
H,125,120,125,126,130,125,126,125,125,121,125,125,125,129,120,125,125,125,HA1
E,126,121,126,127,131,126,127,126,126,122,126,126,126,130,121,126,126,126,HA1
T,127,122,127,128,132,127,128,127,127,123,127,127,127,131,122,127,127,127,HA1
S,128,123,127a,129,133,128,129,128,127a,124,128,127a,127a,132,123,127a,128,128,HA1
L,129,123a,127b,130,133a,128a,129a,129,127b,125,129,127b,127b,132a,123a,127b,128a,128a,HA1
G,130,124,128,131,134,129,130,130,128,126,130,128,128,133,124,128,129,129,HA1
V,131,125,129,132,135,130,131,131,129,127,131,129,129,134,125,129,130,130,HA1
S,132,126,130,133,136,131,132,132,130,128,132,130,130,135,126,130,131,131,HA1
A,133,127,131,134,137,132,133,133,131,129,133,131,131,136,127,131,132,132,HA1
A,134,128,132,135,138,133,134,134,132,130,134,132,132,137,128,132,133,133,HA1
C,135,129,133,136,139,134,135,135,133,131,135,133,133,138,129,133,134,134,HA1
P,136,130,134,137,140,135,136,136,134,132,136,134,134,139,130,134,135,135,HA1
-,136a,130a,134a,137a,140a,135a,136a,136a,135,132a,136a,135,134a,139a,130a,134a,135a,136,HA1
Y,137,130b,134b,138,141,136,137,137,136,133,137,136,135,140,130b,135,136,137,HA1
Q,138,131,134c,139,142,137,138,138,137,134,138,137,136,141,131,136,137,138,HA1
G,139,132,134d,140,143,138,139,139,138,135,139,138,137,142,132,137,138,139,HA1
A,140,133,134e,141,144,139,140,140,139,136,140,139,138,143,133,138,139,140,HA1
P,141,134,135,142,145,140,141,141,140,137,141,140,139,144,134,139,140,141,HA1
S,142,135,136,143,146,141,142,142,141,138,142,141,140,145,135,140,141,142,HA1
F,143,136,137,144,147,142,143,143,142,139,143,142,141,146,136,141,142,143,HA1
F,144,137,138,145,148,143,144,144,143,140,144,143,142,147,137,142,143,144,HA1
R,145,138,139,146,149,144,145,145,144,141,145,144,143,148,138,143,144,145,HA1
N,146,139,140,147,150,145,146,146,145,142,146,145,144,149,139,144,145,146,HA1
V,147,140,141,148,151,146,147,147,146,143,147,146,145,150,140,145,146,147,HA1
V,148,141,142,149,152,147,148,148,147,144,148,147,146,151,141,146,147,148,HA1
W,149,142,143,150,153,148,149,149,148,145,149,148,147,152,142,147,148,149,HA1
L,150,143,144,151,154,149,150,150,149,146,150,149,148,153,143,148,149,150,HA1
I,151,144,145,152,155,150,151,151,150,147,151,150,149,154,144,149,149a,150a,HA1
-,151a,145,145a,152a,155a,150a,151a,151a,150a,148,151a,150a,149a,154a,145,149a,149b,150b,HA1
K,152,146,146,153,156,151,152,152,151,149,152,151,150,155,146,150,149c,150c,HA1
-,152a,147,146a,153a,156a,151a,153,153,152,150,152a,151a,150a,156,147,150a,149d,150d,HA1
K,153,148,147,154,157,152,154,154,153,151,153,152,151,157,148,151,150,151,HA1
N,154,149,148,155,158,153,155,155,154,152,154,153,152,158,149,152,151,152,HA1
D,155,150,149,156,159,154,156,156,155,153,155,154,153,159,150,153,152,153,HA1
A,156,151,150,157,160,155,157,157,156,154,156,155,154,160,151,154,153,154,HA1
Y,157,152,151,158,161,156,158,158,157,155,157,156,155,161,152,155,154,155,HA1
P,158,153,152,159,162,157,159,159,158,156,158,157,156,162,153,156,155,156,HA1
T,159,154,153,160,163,158,160,160,159,157,159,158,157,163,154,157,156,157,HA1
I,160,155,154,161,164,159,161,161,160,158,160,159,158,164,155,158,157,158,HA1
K,161,156,155,162,165,160,162,162,161,159,161,160,159,165,156,159,158,159,HA1
I,162,157,156,163,166,161,163,163,162,160,162,161,160,166,157,160,159,160,HA1
S,163,158,157,164,167,162,164,164,163,161,163,162,161,167,158,161,160,161,HA1
Y,164,159,158,165,168,163,165,165,164,162,164,163,162,168,159,162,161,162,HA1
N,165,160,159,166,169,164,166,166,165,163,165,164,163,169,160,163,162,163,HA1
N,166,161,160,167,170,165,167,167,166,164,166,165,164,170,161,164,163,164,HA1
T,167,162,161,168,171,166,168,168,167,165,167,166,165,171,162,165,164,165,HA1
N,168,163,162,169,172,167,169,169,168,166,168,167,166,172,163,166,165,166,HA1
R,169,164,163,170,173,168,170,170,169,167,169,168,167,173,164,167,166,167,HA1
E,170,165,164,171,174,169,171,171,170,168,170,169,168,174,165,168,167,168,HA1
D,171,166,165,172,175,170,172,172,171,169,171,170,169,175,166,169,168,169,HA1
L,172,167,166,173,176,171,173,173,172,170,172,171,170,176,167,170,169,170,HA1
L,173,168,167,174,177,172,174,174,173,171,173,172,171,177,168,171,170,171,HA1
I,174,169,168,175,178,173,175,175,174,172,174,173,172,178,169,172,171,172,HA1
L,175,170,169,176,179,174,176,176,175,173,175,174,173,179,170,173,172,173,HA1
W,176,171,170,177,180,175,177,177,176,174,176,175,174,180,171,174,173,174,HA1
G,177,172,171,178,181,176,178,178,177,175,177,176,175,181,172,175,174,175,HA1
I,178,173,172,179,182,177,179,179,178,176,178,177,176,182,173,176,175,176,HA1
H,179,174,173,180,183,178,180,180,179,177,179,178,177,183,174,177,176,177,HA1
H,180,175,174,181,184,179,181,181,180,178,180,179,178,184,175,178,177,178,HA1
S,181,176,175,182,185,180,182,182,181,179,181,180,179,185,176,179,178,179,HA1
N,182,177,176,183,186,181,183,183,182,180,182,181,180,186,177,180,179,180,HA1
N,183,178,177,184,187,182,184,184,183,181,183,182,181,187,178,181,180,181,HA1
A,184,179,178,185,188,183,185,185,184,182,184,183,182,188,179,182,181,182,HA1
E,185,180,179,186,189,184,186,186,185,183,185,184,183,189,180,183,182,183,HA1
E,186,181,180,187,190,185,187,187,186,184,186,185,184,190,181,184,183,184,HA1
Q,187,182,181,188,191,186,188,188,187,185,187,186,185,191,182,185,184,185,HA1
T,188,183,182,189,192,187,189,189,188,186,188,187,186,192,183,186,185,186,HA1
N,189,184,183,190,193,188,190,190,189,187,189,188,187,193,184,187,186,187,HA1
L,190,185,184,191,194,189,191,191,190,188,190,189,188,194,185,188,187,188,HA1
Y,191,186,185,192,195,190,192,192,191,189,191,190,189,195,186,189,188,189,HA1
K,192,187,186,193,196,191,193,193,192,190,192,191,190,196,187,190,189,190,HA1
N,193,188,187,194,197,192,194,194,193,191,193,192,191,197,188,191,190,191,HA1
P,194,189,188,195,198,193,195,195,194,192,194,193,192,198,189,192,191,192,HA1
T,195,190,189,196,199,194,196,196,195,193,195,194,193,199,190,193,192,193,HA1
T,196,191,190,197,200,195,197,197,196,194,196,195,194,200,191,194,193,194,HA1
Y,197,192,191,198,201,196,198,198,197,195,197,196,195,201,192,195,194,195,HA1
I,198,193,192,199,202,197,199,199,198,196,198,197,196,202,193,196,195,196,HA1
S,199,194,193,200,203,198,200,200,199,197,199,198,197,203,194,197,196,197,HA1
V,200,195,194,201,204,199,201,201,200,198,200,199,198,204,195,198,197,198,HA1
G,201,196,195,202,205,200,202,202,201,199,201,200,199,205,196,199,198,199,HA1
T,202,197,196,203,206,201,203,203,202,200,202,201,200,206,197,200,199,200,HA1
S,203,198,197,204,207,202,204,204,203,201,203,202,201,207,198,201,200,201,HA1
T,204,199,198,205,208,203,205,205,204,202,204,203,202,208,199,202,201,202,HA1
L,205,200,199,206,209,204,206,206,205,203,205,204,203,209,200,203,202,203,HA1
N,206,201,200,207,210,205,207,207,206,204,206,205,204,210,201,204,203,204,HA1
Q,207,202,201,208,211,206,208,208,207,205,207,206,205,211,202,205,204,205,HA1
R,208,203,202,209,212,207,209,209,208,206,208,207,206,212,203,206,205,206,HA1
L,209,204,203,210,213,208,210,210,209,207,209,208,207,213,204,207,206,207,HA1
A,210,205,204,211,214,209,211,211,210,208,210,209,208,214,205,208,207,208,HA1
P,211,206,205,212,215,210,212,212,211,209,211,210,209,215,206,209,208,209,HA1
K,212,207,206,213,216,211,213,213,212,210,212,211,210,216,207,210,209,210,HA1
I,213,208,207,214,217,212,214,214,213,211,213,212,211,217,208,211,210,211,HA1
A,214,209,208,215,218,213,215,215,214,212,214,213,212,218,209,212,211,212,HA1
T,215,210,209,216,219,214,216,216,215,213,215,214,213,219,210,213,212,213,HA1
R,216,211,210,217,220,215,217,217,216,214,216,215,214,220,211,214,213,214,HA1
S,217,212,211,218,221,216,218,218,217,215,217,216,215,221,212,215,214,215,HA1
Q,218,213,212,219,222,217,219,219,218,216,218,217,216,222,213,216,215,216,HA1
V,219,214,213,220,223,218,220,220,219,217,219,218,217,223,214,216a,216,217,HA1
N,220,215,214,221,224,219,221,221,220,218,220,219,218,224,215,217,217,218,HA1
G,221,216,215,222,225,220,222,222,221,219,221,220,219,225,216,218,218,219,HA1
Q,222,217,216,223,226,221,223,223,222,220,222,221,220,226,217,219,219,220,HA1
R,223,218,217,224,227,222,224,224,223,221,223,222,221,227,218,220,220,221,HA1
G,224,219,218,225,228,223,225,225,224,222,224,223,222,228,219,221,221,222,HA1
R,225,220,219,226,229,224,226,226,225,223,225,224,223,229,220,222,222,223,HA1
M,226,221,220,227,230,225,227,227,226,224,226,225,224,230,221,223,223,224,HA1
D,227,222,221,228,231,226,228,228,227,225,227,226,225,231,222,224,224,225,HA1
F,228,223,222,229,232,227,229,229,228,226,228,227,226,232,223,225,225,226,HA1
F,229,224,223,230,233,228,230,230,229,227,229,228,227,233,224,226,226,227,HA1
W,230,225,224,231,234,229,231,231,230,228,230,229,228,234,225,227,227,228,HA1
T,231,226,225,232,235,230,232,232,231,229,231,230,229,235,226,228,228,229,HA1
I,232,227,226,233,236,231,233,233,232,230,232,231,230,236,227,229,229,230,HA1
L,233,228,227,234,237,232,234,234,233,231,233,232,231,237,228,230,230,231,HA1
K,234,229,228,235,238,233,235,235,234,232,234,233,232,238,229,231,231,232,HA1
P,235,230,229,236,239,234,236,236,235,233,235,234,233,239,230,232,232,233,HA1
D,236,231,230,237,240,235,237,237,236,234,236,235,234,240,231,233,233,234,HA1
D,237,232,231,238,241,236,238,238,237,235,237,236,235,241,232,234,234,235,HA1
A,238,233,232,239,242,237,239,239,238,236,238,237,236,242,233,235,235,236,HA1
I,239,234,233,240,243,238,240,240,239,237,239,238,237,243,234,236,236,237,HA1
H,240,235,234,241,244,239,241,241,240,238,240,239,238,244,235,237,237,238,HA1
F,241,236,235,242,245,240,242,242,241,239,241,240,239,245,236,238,238,239,HA1
E,242,237,236,243,246,241,243,243,242,240,242,241,240,246,237,239,239,240,HA1
S,243,238,237,244,247,242,244,244,243,241,243,242,241,247,238,240,240,241,HA1
N,244,239,238,245,248,243,245,245,244,242,244,243,242,248,239,241,241,242,HA1
G,245,240,239,246,249,244,246,246,245,243,245,244,243,249,240,242,242,243,HA1
N,246,241,240,247,250,245,247,247,246,244,246,245,244,250,241,243,243,244,HA1
F,247,242,241,248,251,246,248,248,247,245,247,246,245,251,242,244,244,245,HA1
I,248,243,242,249,252,247,249,249,248,246,248,247,246,252,243,245,245,246,HA1
A,249,244,243,250,253,248,250,250,249,247,249,248,247,253,244,246,246,247,HA1
P,250,245,244,251,254,249,251,251,250,248,250,249,248,254,245,247,247,248,HA1
E,251,246,245,252,255,250,252,252,251,249,251,250,249,255,246,248,248,249,HA1
Y,252,247,246,253,256,251,253,253,252,250,252,251,250,256,247,249,249,250,HA1
A,253,248,247,254,257,252,254,254,253,251,253,252,251,257,248,250,250,251,HA1
Y,254,249,248,255,258,253,255,255,254,252,254,253,252,258,249,251,251,252,HA1
K,255,250,249,256,259,254,256,256,255,253,255,254,253,259,250,252,252,253,HA1
I,256,251,250,257,260,255,257,257,256,254,256,255,254,260,251,253,253,254,HA1
V,257,252,251,258,261,256,258,258,257,255,257,256,255,261,252,254,254,255,HA1
K,258,252a,252,259,262,257,259,259,258,255a,258,257,256,262,253,255,255,256,HA1
K,259,252b,253,260,262a,258,260,260,259,255b,259,258,257,263,254,256,256,257,HA1
-,259a,252c,253a,260a,262b,258a,260a,261,259a,255c,259a,258a,257a,263a,255,256a,257,258,HA1
-,259b,252d,253b,260b,262c,258b,260b,261a,259b,255d,259b,258b,257b,263b,256,256b,257a,258a,HA1
-,259c,252e,253c,260c,262d,258c,260c,261b,259c,255e,259c,258c,257c,263c,257,256c,257b,258b,HA1
-,259d,252f,253d,260d,262e,258d,260d,261c,259d,255f,259d,258d,257d,263d,258,256d,257c,258c,HA1
-,259e,252g,253e,260e,262f,258e,260e,261d,259e,255g,259e,258e,257e,263e,259,256e,257d,258d,HA1
-,259f,252h,253f,260f,262g,258f,260f,261e,259f,255h,259f,258f,257f,263f,260,256f,257e,258e,HA1
-,259g,252i,253g,260g,262h,258g,260g,261f,259g,255i,259g,258g,257g,263g,261,256g,257f,258f,HA1
-,259h,252j,253h,260h,262i,258h,260h,261g,259h,255j,259h,258h,257h,263h,262,256h,257g,258g,HA1
G,260,253,254,261,263,259,261,262,260,256,260,259,258,264,263,257,258,259,HA1
D,261,254,255,262,264,260,262,263,261,257,261,260,259,265,264,258,259,260,HA1
S,262,255,256,263,265,261,263,264,262,258,262,261,260,266,265,259,260,261,HA1
T,263,256,257,264,266,262,264,265,263,259,263,262,261,267,266,260,261,262,HA1
I,264,257,258,265,267,263,265,266,264,260,264,263,262,268,267,261,262,263,HA1
M,265,258,259,266,268,264,266,267,265,261,265,264,263,269,268,262,263,264,HA1
K,266,259,260,267,269,265,267,268,266,262,266,265,264,270,269,263,264,265,HA1
S,267,260,261,268,270,266,268,269,267,263,267,266,265,271,270,264,265,266,HA1
-,267a,260a,261a,268a,270a,266a,268a,269a,268,263a,267a,266a,265a,271a,270a,264a,265a,266a,HA1
G,268,261,262,269,271,267,269,270,269,264,268,267,266,272,271,265,266,267,HA1
V,269,262,263,270,272,268,270,271,270,265,269,268,267,273,272,266,267,268,HA1
E,270,263,264,271,273,269,271,272,271,266,270,269,268,274,273,267,268,269,HA1
Y,271,264,265,272,274,270,272,273,272,267,271,270,269,275,274,268,269,270,HA1
G,272,265,266,273,275,271,273,274,273,268,272,271,270,276,275,269,270,271,HA1
-,272a,266,266a,273a,275a,271a,273a,274a,273a,269,272a,271a,270a,276a,276,269a,270a,271a,HA1
H,273,267,267,274,276,272,274,275,274,270,273,272,271,277,277,270,271,272,HA1
C,274,268,268,275,277,273,275,276,275,271,274,273,272,278,278,271,272,273,HA1
N,275,269,269,276,278,274,276,277,276,272,275,274,273,279,279,272,273,274,HA1
T,276,270,270,277,279,275,277,278,277,273,276,275,274,280,280,273,274,275,HA1
K,277,271,271,278,280,276,278,279,278,274,277,276,275,281,281,274,275,276,HA1
C,278,272,272,279,281,277,279,280,279,275,278,277,276,282,282,275,276,277,HA1
Q,279,273,273,280,282,278,280,281,280,276,279,278,277,283,283,276,277,278,HA1
T,280,274,274,281,283,279,281,282,281,277,280,279,278,284,284,277,278,279,HA1
P,281,275,275,282,284,280,282,283,282,278,281,280,279,285,285,278,279,280,HA1
V,282,276,276,283,285,281,283,284,283,279,282,281,280,286,286,279,280,281,HA1
G,283,277,277,284,286,282,284,285,284,280,283,282,281,287,287,280,281,282,HA1
A,284,278,278,285,287,283,285,286,285,281,284,283,282,288,288,281,282,283,HA1
I,285,279,279,286,288,284,286,287,286,282,285,284,283,289,289,282,283,284,HA1
N,286,280,280,287,289,285,287,288,287,283,286,285,284,290,290,283,284,285,HA1
S,287,281,281,288,290,286,288,289,288,284,287,286,285,291,291,284,285,286,HA1
S,288,282,282,289,291,287,289,290,289,285,288,287,286,292,292,285,286,287,HA1
M,289,283,283,290,292,288,290,291,290,286,289,288,287,293,293,286,287,288,HA1
P,290,284,284,291,293,289,291,292,291,287,290,289,288,294,294,287,288,289,HA1
F,291,285,285,292,294,290,292,293,292,288,291,290,289,295,295,288,289,290,HA1
H,292,286,286,293,295,291,293,294,293,289,292,291,290,296,296,289,290,291,HA1
N,293,287,287,294,296,292,294,295,294,290,293,292,291,297,297,290,291,292,HA1
I,294,288,288,295,297,293,295,296,295,291,294,293,292,298,298,291,292,293,HA1
H,295,289,289,296,298,294,296,297,296,292,295,294,293,299,299,292,293,294,HA1
P,296,290,290,297,299,295,297,298,297,293,296,295,294,300,300,293,294,295,HA1
L,297,291,291,298,300,296,298,299,298,294,297,296,295,301,301,294,295,296,HA1
T,298,292,292,299,301,297,299,300,299,295,298,297,296,302,302,295,296,297,HA1
I,299,293,293,300,302,298,300,301,300,296,299,298,297,303,303,296,297,298,HA1
G,300,294,294,301,303,299,301,302,301,297,300,299,298,304,304,297,298,299,HA1
E,301,295,295,302,304,300,302,303,302,298,301,300,299,305,305,298,299,300,HA1
C,302,296,296,303,305,301,303,304,303,299,302,301,300,306,306,299,300,301,HA1
P,303,297,297,304,306,302,304,305,304,300,303,302,301,307,307,300,301,302,HA1
K,304,298,298,305,307,303,305,306,305,301,304,303,302,308,308,301,302,303,HA1
Y,305,299,299,306,308,304,306,307,306,302,305,304,303,309,309,302,303,304,HA1
V,306,300,300,307,309,305,307,308,307,303,306,305,304,310,310,303,304,305,HA1
K,307,301,301,308,310,306,308,309,308,304,307,306,305,311,311,304,305,306,HA1
S,308,302,302,309,311,307,309,310,309,305,308,307,306,312,312,305,306,307,HA1
N,309,303,303,310,312,308,310,311,310,306,309,308,307,313,313,306,307,308,HA1
K,310,304,304,311,313,309,311,312,311,307,310,309,308,314,314,307,308,309,HA1
L,311,305,305,312,314,310,312,313,312,308,311,310,309,315,315,308,309,310,HA1
V,312,306,306,313,315,311,313,314,313,309,312,311,310,316,316,309,310,311,HA1
L,313,307,307,314,316,312,314,315,314,310,313,312,311,317,317,310,311,312,HA1
A,314,308,308,315,317,313,315,316,315,311,314,313,312,318,318,311,312,313,HA1
T,315,309,309,316,318,314,316,317,316,312,315,314,313,319,319,312,313,314,HA1
G,316,310,310,317,319,315,317,318,317,313,316,315,314,320,320,313,314,315,HA1
L,317,311,311,318,320,316,318,319,318,314,317,316,315,321,321,314,315,316,HA1
R,318,312,312,319,321,317,319,320,319,315,318,317,316,322,322,315,316,317,HA1
N,319,313,313,320,322,318,320,321,320,316,319,318,317,323,323,316,317,318,HA1
S,320,314,314,321,323,319,321,322,321,317,320,319,318,324,324,317,318,319,HA1
P,321,315,315,322,324,320,322,323,322,318,321,320,319,325,325,318,319,320,HA1
L,322,316,316,323,325,321,323,324,323,319,322,321,320,326,326,319,320,321,HA1
R,323,317,317,324,326,322,324,325,324,320,323,322,321,327,327,320,321,322,HA1
-,323a,318,317a,324a,326a,322a,324a,325a,324a,321,323a,322a,321a,327a,328,320a,321a,322a,HA1
E,324,319,318,325,327,323,325,326,325,322,324,323,322,328,329,321,322,322b,HA1
K,325,320,319,326,328,324,326,327,326,323,325,324,323,329,330,322,323,322c,HA1
R,326,321,320,327,329,325,327,328,327,324,326,325,324,330,331,323,324,322d,HA1
R,327,321a,320a,327a,329a,325a,327a,328a,327a,324a,326a,325a,324a,330a,331a,323a,324a,322e,HA1
K,328,321b,320b,327b,329b,325b,327b,328b,327b,324b,326b,325b,324b,330b,331b,323b,324b,322f,HA1
R,329,321c,320c,327c,329c,325c,327c,328c,327c,324c,326c,325c,324c,330c,331c,323c,324c,322g,HA1
-,-3,-3,-3,-3,-3,-3,-3,-3,-3,-3,-3,-3,-3,-3,-3,-3,-3,1,HA2
-,-2,-2,-2,-2,-2,-2,-2,-2,-2,-2,-2,-2,-2,-2,-2,-2,-2,2,HA2
-,-1,-1,-1,-1,-1,-1,-1,-1,-1,-1,-1,-1,-1,-1,-1,-1,-1,3,HA2
G,1,1,1,1,1,1,1,1,1,1,1,1,1,1,1,1,1,4,HA2
L,2,2,2,2,2,2,2,2,2,2,2,2,2,2,2,2,2,5,HA2
F,3,3,3,3,3,3,3,3,3,3,3,3,3,3,3,3,3,6,HA2
G,4,4,4,4,4,4,4,4,4,4,4,4,4,4,4,4,4,7,HA2
A,5,5,5,5,5,5,5,5,5,5,5,5,5,5,5,5,5,8,HA2
I,6,6,6,6,6,6,6,6,6,6,6,6,6,6,6,6,6,9,HA2
A,7,7,7,7,7,7,7,7,7,7,7,7,7,7,7,7,7,10,HA2
G,8,8,8,8,8,8,8,8,8,8,8,8,8,8,8,8,8,11,HA2
F,9,9,9,9,9,9,9,9,9,9,9,9,9,9,9,9,9,12,HA2
I,10,10,10,10,10,10,10,10,10,10,10,10,10,10,10,10,10,13,HA2
E,11,11,11,11,11,11,11,11,11,11,11,11,11,11,11,11,11,14,HA2
G,12,12,12,12,12,12,12,12,12,12,12,12,12,12,12,12,12,15,HA2
G,13,13,13,13,13,13,13,13,13,13,13,13,13,13,13,13,13,16,HA2
W,14,14,14,14,14,14,14,14,14,14,14,14,14,14,14,14,14,17,HA2
Q,15,15,15,15,15,15,15,15,15,15,15,15,15,15,15,15,15,18,HA2
G,16,16,16,16,16,16,16,16,16,16,16,16,16,16,16,16,16,19,HA2
M,17,17,17,17,17,17,17,17,17,17,17,17,17,17,17,17,17,20,HA2
V,18,18,18,18,18,18,18,18,18,18,18,18,18,18,18,18,18,21,HA2
D,19,19,19,19,19,19,19,19,19,19,19,19,19,19,19,19,19,22,HA2
G,20,20,20,20,20,20,20,20,20,20,20,20,20,20,20,20,20,23,HA2
W,21,21,21,21,21,21,21,21,21,21,21,21,21,21,21,21,21,24,HA2
Y,22,22,22,22,22,22,22,22,22,22,22,22,22,22,22,22,22,25,HA2
G,23,23,23,23,23,23,23,23,23,23,23,23,23,23,23,23,23,26,HA2
Y,24,24,24,24,24,24,24,24,24,24,24,24,24,24,24,24,24,27,HA2
H,25,25,25,25,25,25,25,25,25,25,25,25,25,25,25,25,25,28,HA2
H,26,26,26,26,26,26,26,26,26,26,26,26,26,26,26,26,26,29,HA2
S,27,27,27,27,27,27,27,27,27,27,27,27,27,27,27,27,27,30,HA2
N,28,28,28,28,28,28,28,28,28,28,28,28,28,28,28,28,28,31,HA2
E,29,29,29,29,29,29,29,29,29,29,29,29,29,29,29,29,29,32,HA2
Q,30,30,30,30,30,30,30,30,30,30,30,30,30,30,30,30,30,33,HA2
G,31,31,31,31,31,31,31,31,31,31,31,31,31,31,31,31,31,34,HA2
S,32,32,32,32,32,32,32,32,32,32,32,32,32,32,32,32,32,35,HA2
G,33,33,33,33,33,33,33,33,33,33,33,33,33,33,33,33,33,36,HA2
Y,34,34,34,34,34,34,34,34,34,34,34,34,34,34,34,34,34,37,HA2
A,35,35,35,35,35,35,35,35,35,35,35,35,35,35,35,35,35,38,HA2
A,36,36,36,36,36,36,36,36,36,36,36,36,36,36,36,36,36,39,HA2
D,37,37,37,37,37,37,37,37,37,37,37,37,37,37,37,37,37,40,HA2
K,38,38,38,38,38,38,38,38,38,38,38,38,38,38,38,38,38,41,HA2
E,39,39,39,39,39,39,39,39,39,39,39,39,39,39,39,39,39,42,HA2
S,40,40,40,40,40,40,40,40,40,40,40,40,40,40,40,40,40,43,HA2
T,41,41,41,41,41,41,41,41,41,41,41,41,41,41,41,41,41,44,HA2
Q,42,42,42,42,42,42,42,42,42,42,42,42,42,42,42,42,42,45,HA2
K,43,43,43,43,43,43,43,43,43,43,43,43,43,43,43,43,43,46,HA2
A,44,44,44,44,44,44,44,44,44,44,44,44,44,44,44,44,44,47,HA2
I,45,45,45,45,45,45,45,45,45,45,45,45,45,45,45,45,45,48,HA2
D,46,46,46,46,46,46,46,46,46,46,46,46,46,46,46,46,46,49,HA2
G,47,47,47,47,47,47,47,47,47,47,47,47,47,47,47,47,47,50,HA2
V,48,48,48,48,48,48,48,48,48,48,48,48,48,48,48,48,48,51,HA2
T,49,49,49,49,49,49,49,49,49,49,49,49,49,49,49,49,49,52,HA2
N,50,50,50,50,50,50,50,50,50,50,50,50,50,50,50,50,50,53,HA2
K,51,51,51,51,51,51,51,51,51,51,51,51,51,51,51,51,51,54,HA2
V,52,52,52,52,52,52,52,52,52,52,52,52,52,52,52,52,52,55,HA2
N,53,53,53,53,53,53,53,53,53,53,53,53,53,53,53,53,53,56,HA2
S,54,54,54,54,54,54,54,54,54,54,54,54,54,54,54,54,54,57,HA2
I,55,55,55,55,55,55,55,55,55,55,55,55,55,55,55,55,55,58,HA2
I,56,56,56,56,56,56,56,56,56,56,56,56,56,56,56,56,56,59,HA2
D,57,57,57,57,57,57,57,57,57,57,57,57,57,57,57,57,57,60,HA2
K,58,58,58,58,58,58,58,58,58,58,58,58,58,58,58,58,58,61,HA2
M,59,59,59,59,59,59,59,59,59,59,59,59,59,59,59,59,59,62,HA2
N,60,60,60,60,60,60,60,60,60,60,60,60,60,60,60,60,60,63,HA2
T,61,61,61,61,61,61,61,61,61,61,61,61,61,61,61,61,61,64,HA2
Q,62,62,62,62,62,62,62,62,62,62,62,62,62,62,62,62,62,65,HA2
F,63,63,63,63,63,63,63,63,63,63,63,63,63,63,63,63,63,66,HA2
E,64,64,64,64,64,64,64,64,64,64,64,64,64,64,64,64,64,67,HA2
A,65,65,65,65,65,65,65,65,65,65,65,65,65,65,65,65,65,68,HA2
V,66,66,66,66,66,66,66,66,66,66,66,66,66,66,66,66,66,69,HA2
G,67,67,67,67,67,67,67,67,67,67,67,67,67,67,67,67,67,70,HA2
R,68,68,68,68,68,68,68,68,68,68,68,68,68,68,68,68,68,71,HA2
E,69,69,69,69,69,69,69,69,69,69,69,69,69,69,69,69,69,72,HA2
F,70,70,70,70,70,70,70,70,70,70,70,70,70,70,70,70,70,73,HA2
N,71,71,71,71,71,71,71,71,71,71,71,71,71,71,71,71,71,74,HA2
N,72,72,72,72,72,72,72,72,72,72,72,72,72,72,72,72,72,75,HA2
L,73,73,73,73,73,73,73,73,73,73,73,73,73,73,73,73,73,76,HA2
E,74,74,74,74,74,74,74,74,74,74,74,74,74,74,74,74,74,77,HA2
R,75,75,75,75,75,75,75,75,75,75,75,75,75,75,75,75,75,78,HA2
R,76,76,76,76,76,76,76,76,76,76,76,76,76,76,76,76,76,79,HA2
I,77,77,77,77,77,77,77,77,77,77,77,77,77,77,77,77,77,80,HA2
E,78,78,78,78,78,78,78,78,78,78,78,78,78,78,78,78,78,81,HA2
N,79,79,79,79,79,79,79,79,79,79,79,79,79,79,79,79,79,82,HA2
L,80,80,80,80,80,80,80,80,80,80,80,80,80,80,80,80,80,83,HA2
N,81,81,81,81,81,81,81,81,81,81,81,81,81,81,81,81,81,84,HA2
K,82,82,82,82,82,82,82,82,82,82,82,82,82,82,82,82,82,85,HA2
K,83,83,83,83,83,83,83,83,83,83,83,83,83,83,83,83,83,86,HA2
M,84,84,84,84,84,84,84,84,84,84,84,84,84,84,84,84,84,87,HA2
E,85,85,85,85,85,85,85,85,85,85,85,85,85,85,85,85,85,88,HA2
D,86,86,86,86,86,86,86,86,86,86,86,86,86,86,86,86,86,89,HA2
G,87,87,87,87,87,87,87,87,87,87,87,87,87,87,87,87,87,90,HA2
F,88,88,88,88,88,88,88,88,88,88,88,88,88,88,88,88,88,91,HA2
L,89,89,89,89,89,89,89,89,89,89,89,89,89,89,89,89,89,92,HA2
D,90,90,90,90,90,90,90,90,90,90,90,90,90,90,90,90,90,93,HA2
V,91,91,91,91,91,91,91,91,91,91,91,91,91,91,91,91,91,94,HA2
W,92,92,92,92,92,92,92,92,92,92,92,92,92,92,92,92,92,95,HA2
T,93,93,93,93,93,93,93,93,93,93,93,93,93,93,93,93,93,96,HA2
Y,94,94,94,94,94,94,94,94,94,94,94,94,94,94,94,94,94,97,HA2
N,95,95,95,95,95,95,95,95,95,95,95,95,95,95,95,95,95,98,HA2
A,96,96,96,96,96,96,96,96,96,96,96,96,96,96,96,96,96,99,HA2
E,97,97,97,97,97,97,97,97,97,97,97,97,97,97,97,97,97,100,HA2
L,98,98,98,98,98,98,98,98,98,98,98,98,98,98,98,98,98,101,HA2
L,99,99,99,99,99,99,99,99,99,99,99,99,99,99,99,99,99,102,HA2
V,100,100,100,100,100,100,100,100,100,100,100,100,100,100,100,100,100,103,HA2
L,101,101,101,101,101,101,101,101,101,101,101,101,101,101,101,101,101,104,HA2
M,102,102,102,102,102,102,102,102,102,102,102,102,102,102,102,102,102,105,HA2
E,103,103,103,103,103,103,103,103,103,103,103,103,103,103,103,103,103,106,HA2
N,104,104,104,104,104,104,104,104,104,104,104,104,104,104,104,104,104,107,HA2
E,105,105,105,105,105,105,105,105,105,105,105,105,105,105,105,105,105,108,HA2
R,106,106,106,106,106,106,106,106,106,106,106,106,106,106,106,106,106,109,HA2
T,107,107,107,107,107,107,107,107,107,107,107,107,107,107,107,107,107,110,HA2
L,108,108,108,108,108,108,108,108,108,108,108,108,108,108,108,108,108,111,HA2
D,109,109,109,109,109,109,109,109,109,109,109,109,109,109,109,109,109,112,HA2
F,110,110,110,110,110,110,110,110,110,110,110,110,110,110,110,110,110,113,HA2
H,111,111,111,111,111,111,111,111,111,111,111,111,111,111,111,111,111,114,HA2
D,112,112,112,112,112,112,112,112,112,112,112,112,112,112,112,112,112,115,HA2
S,113,113,113,113,113,113,113,113,113,113,113,113,113,113,113,113,113,116,HA2
N,114,114,114,114,114,114,114,114,114,114,114,114,114,114,114,114,114,117,HA2
V,115,115,115,115,115,115,115,115,115,115,115,115,115,115,115,115,115,118,HA2
R,116,116,116,116,116,116,116,116,116,116,116,116,116,116,116,116,116,119,HA2
N,117,117,117,117,117,117,117,117,117,117,117,117,117,117,117,117,117,120,HA2
L,118,118,118,118,118,118,118,118,118,118,118,118,118,118,118,118,118,121,HA2
Y,119,119,119,119,119,119,119,119,119,119,119,119,119,119,119,119,119,122,HA2
D,120,120,120,120,120,120,120,120,120,120,120,120,120,120,120,120,120,123,HA2
K,121,121,121,121,121,121,121,121,121,121,121,121,121,121,121,121,121,124,HA2
V,122,122,122,122,122,122,122,122,122,122,122,122,122,122,122,122,122,125,HA2
R,123,123,123,123,123,123,123,123,123,123,123,123,123,123,123,123,123,126,HA2
L,124,124,124,124,124,124,124,124,124,124,124,124,124,124,124,124,124,127,HA2
Q,125,125,125,125,125,125,125,125,125,125,125,125,125,125,125,125,125,128,HA2
L,126,126,126,126,126,126,126,126,126,126,126,126,126,126,126,126,126,129,HA2
R,127,127,127,127,127,127,127,127,127,127,127,127,127,127,127,127,127,130,HA2
D,128,128,128,128,128,128,128,128,128,128,128,128,128,128,128,128,128,131,HA2
N,129,129,129,129,129,129,129,129,129,129,129,129,129,129,129,129,129,132,HA2
A,130,130,130,130,130,130,130,130,130,130,130,130,130,130,130,130,130,133,HA2
K,131,131,131,131,131,131,131,131,131,131,131,131,131,131,131,131,131,134,HA2
E,132,132,132,132,132,132,132,132,132,132,132,132,132,132,132,132,132,135,HA2
L,133,133,133,133,133,133,133,133,133,133,133,133,133,133,133,133,133,136,HA2
G,134,134,134,134,134,134,134,134,134,134,134,134,134,134,134,134,134,137,HA2
N,135,135,135,135,135,135,135,135,135,135,135,135,135,135,135,135,135,138,HA2
G,136,136,136,136,136,136,136,136,136,136,136,136,136,136,136,136,136,139,HA2
C,137,137,137,137,137,137,137,137,137,137,137,137,137,137,137,137,137,140,HA2
F,138,138,138,138,138,138,138,138,138,138,138,138,138,138,138,138,138,141,HA2
E,139,139,139,139,139,139,139,139,139,139,139,139,139,139,139,139,139,142,HA2
F,140,140,140,140,140,140,140,140,140,140,140,140,140,140,140,140,140,143,HA2
Y,141,141,141,141,141,141,141,141,141,141,141,141,141,141,141,141,141,144,HA2
H,142,142,142,142,142,142,142,142,142,142,142,142,142,142,142,142,142,145,HA2
K,143,143,143,143,143,143,143,143,143,143,143,143,143,143,143,143,143,146,HA2
C,144,144,144,144,144,144,144,144,144,144,144,144,144,144,144,144,144,147,HA2
D,145,145,145,145,145,145,145,145,145,145,145,145,145,145,145,145,145,148,HA2
N,146,146,146,146,146,146,146,146,146,146,146,146,146,146,146,146,146,149,HA2
E,147,147,147,147,147,147,147,147,147,147,147,147,147,147,147,147,147,150,HA2
C,148,148,148,148,148,148,148,148,148,148,148,148,148,148,148,148,148,151,HA2
M,149,149,149,149,149,149,149,149,149,149,149,149,149,149,149,149,149,152,HA2
E,150,150,150,150,150,150,150,150,150,150,150,150,150,150,150,150,150,153,HA2
S,151,151,151,151,151,151,151,151,151,151,151,151,151,151,151,151,151,154,HA2
V,152,152,152,152,152,152,152,152,152,152,152,152,152,152,152,152,152,155,HA2
R,153,153,153,153,153,153,153,153,153,153,153,153,153,153,153,153,153,156,HA2
N,154,154,154,154,154,154,154,154,154,154,154,154,154,154,154,154,154,157,HA2
G,155,155,155,155,155,155,155,155,155,155,155,155,155,155,155,155,155,158,HA2
T,156,156,156,156,156,156,156,156,156,156,156,156,156,156,156,156,156,159,HA2
Y,157,157,157,157,157,157,157,157,157,157,157,157,157,157,157,157,157,160,HA2
D,158,158,158,158,158,158,158,158,158,158,158,158,158,158,158,158,158,161,HA2
Y,159,159,159,159,159,159,159,159,159,159,159,159,159,159,159,159,159,162,HA2
P,160,160,160,160,160,160,160,160,160,160,160,160,160,160,160,160,160,163,HA2
Q,161,161,161,161,161,161,161,161,161,161,161,161,161,161,161,161,161,164,HA2
Y,162,162,162,162,162,162,162,162,162,162,162,162,162,162,162,162,162,165,HA2
S,163,163,163,163,163,163,163,163,163,163,163,163,163,163,163,163,163,166,HA2
E,164,164,164,164,164,164,164,164,164,164,164,164,164,164,164,164,164,167,HA2
E,165,165,165,165,165,165,165,165,165,165,165,165,165,165,165,165,165,168,HA2
A,166,166,166,166,166,166,166,166,166,166,166,166,166,166,166,166,166,169,HA2
R,167,167,167,167,167,167,167,167,167,167,167,167,167,167,167,167,167,170,HA2
L,168,168,168,168,168,168,168,168,168,168,168,168,168,168,168,168,168,171,HA2
K,169,169,169,169,169,169,169,169,169,169,169,169,169,169,169,169,169,172,HA2
R,170,170,170,170,170,170,170,170,170,170,170,170,170,170,170,170,170,173,HA2
E,171,171,171,171,171,171,171,171,171,171,171,171,171,171,171,171,171,174,HA2
E,172,172,172,172,172,172,172,172,172,172,172,172,172,172,172,172,172,175,HA2
I,173,173,173,173,173,173,173,173,173,173,173,173,173,173,173,173,173,176,HA2
S,174,174,174,174,174,174,174,174,174,174,174,174,174,174,174,174,174,177,HA2
G,175,175,175,175,175,175,175,175,175,175,175,175,175,175,175,175,175,178,HA2
V,176,176,176,176,176,176,176,176,176,176,176,176,176,176,176,176,176,179,HA2
K,177,177,177,177,177,177,177,177,177,177,177,177,177,177,177,177,177,180,HA2
L,178,178,178,178,178,178,178,178,178,178,178,178,178,178,178,178,178,181,HA2
E,179,179,179,179,179,179,179,179,179,179,179,179,179,179,179,179,179,182,HA2
S,180,180,180,180,180,180,180,180,180,180,180,180,180,180,180,180,180,183,HA2
V,181,181,181,181,181,181,181,181,181,181,181,181,181,181,181,181,181,184,HA2
G,182,181a,182,182,181a,182,181a,182,182,181a,182,182,182,181a,181a,182,182,185,HA2
T,183,181b,183,183,181b,183,181b,183,183,181b,183,183,183,181b,181b,183,183,186,HA2
-,183a,181c,183a,183a,181c,183a,181c,183a,183a,181c,184,183a,184,181c,181c,184,183a,186a,HA2
Y,184,182,184,184,182,184,182,184,184,182,185,184,185,182,182,185,184,187,HA2
Q,185,183,185,185,183,185,183,185,185,183,186,185,186,183,183,186,185,188,HA2
-,185a,184,185a,185a,184,185a,184,185a,185a,184,186a,185a,186a,184,184,186a,185a,188a,HA2
I,186,185,186,186,185,186,185,186,186,185,187,186,187,185,185,187,186,189,HA2
L,187,186,187,187,186,187,186,187,187,186,188,187,188,186,186,188,187,190,HA2
S,188,187,188,188,187,188,187,188,188,187,189,188,189,187,187,189,188,191,HA2
I,189,188,189,189,188,189,188,189,189,188,190,189,190,188,188,190,189,192,HA2
Y,190,189,190,190,189,190,189,190,190,189,191,190,191,189,189,191,190,193,HA2
S,191,190,191,191,190,191,190,191,191,190,192,191,192,190,190,192,191,194,HA2
T,192,191,192,192,191,192,191,192,192,191,193,192,193,191,191,193,192,195,HA2
A,193,192,193,193,192,193,192,193,193,192,194,193,194,192,192,194,193,196,HA2
A,194,193,194,194,193,194,193,194,194,193,195,194,195,193,193,195,194,197,HA2
S,195,194,195,195,194,195,194,195,195,194,196,195,196,194,194,196,195,198,HA2
S,196,195,196,196,195,196,195,196,196,195,197,196,197,195,195,197,196,199,HA2
L,197,196,197,197,196,197,196,197,197,196,198,197,198,196,196,198,197,200,HA2
A,198,197,198,198,197,198,197,198,198,197,199,198,199,197,197,199,198,201,HA2
L,199,198,199,199,198,199,198,199,199,198,200,199,200,198,198,200,199,202,HA2
A,200,199,200,200,199,200,199,200,200,199,201,200,201,199,199,201,200,203,HA2
I,201,200,201,201,200,201,200,201,201,200,202,201,202,200,200,202,201,204,HA2
M,202,201,202,202,201,202,201,202,202,201,203,202,203,201,201,203,202,205,HA2
M,203,202,203,203,202,203,202,203,203,202,204,203,204,202,202,204,203,206,HA2
A,204,203,204,204,203,204,203,204,204,203,205,204,205,203,203,205,204,207,HA2
G,205,204,205,205,204,205,204,205,205,204,206,205,206,204,204,206,205,208,HA2
L,206,205,206,206,205,206,205,206,206,205,207,206,207,205,205,207,206,209,HA2
S,207,206,207,207,206,207,206,207,207,206,208,207,208,206,206,208,207,210,HA2
L,208,207,208,208,207,208,207,208,208,207,209,208,209,207,207,209,208,211,HA2
W,209,208,209,209,208,209,208,209,209,208,210,209,210,208,208,210,209,212,HA2
M,210,209,210,210,209,210,209,210,210,209,211,210,211,209,209,211,210,213,HA2
C,211,210,211,211,210,211,210,211,211,210,212,211,212,210,210,212,211,214,HA2
S,212,211,212,212,211,212,211,212,212,211,213,212,213,211,211,213,212,215,HA2
N,213,212,213,213,212,213,212,213,213,212,214,213,214,212,212,214,213,216,HA2
G,214,213,214,214,213,214,213,214,214,213,215,214,215,213,213,215,214,217,HA2
S,215,214,215,215,214,215,214,215,215,214,216,215,216,214,214,216,215,218,HA2
L,216,215,216,216,215,216,215,216,216,215,217,216,217,215,215,217,216,219,HA2
Q,217,216,217,217,216,217,216,217,217,216,218,217,218,216,216,218,217,220,HA2
C,218,217,218,218,217,218,217,218,218,217,219,218,219,217,217,219,218,221,HA2
R,219,218,219,219,218,219,218,219,219,218,220,219,220,218,218,220,219,222,HA2
I,220,219,220,220,219,220,219,220,220,219,221,220,221,219,219,221,220,223,HA2
C,221,220,221,221,220,221,220,221,221,220,222,221,222,220,220,222,221,224,HA2
I,222,221,222,222,221,222,221,222,222,221,223,222,223,221,221,223,222,225,HA2
*,223,221a,223,223,222,223,222,223,223,222,224,223,224,222,222,224,223,226,HA2