REF,N1_pos,N2_pos,N3_pos,N4_pos,N5_pos,N6_pos,N7_pos,N8_pos,N9_pos,N10_pos,N11_pos,PROTEIN
M,1,1,1,1,1,1,1,1,1,0a,0a,NA
N,2,2,2,2,2,2,2,2,2,1,1,NA
P,3,3,3,3,3,3,3,3,3,2,2,NA
N,4,4,4,4,4,4,4,4,4,3,3,NA
Q,5,5,5,5,5,5,5,5,5,4,4,NA
K,6,6,6,6,6,6,6,6,6,5,5,NA
I,7,7,7,7,7,7,7,7,7,6,6,NA
T,8,8,8,8,8,8,8,8,8,7,7,NA
T,9,9,9,9,9,9,9,9,9,8,8,NA
I,10,10,10,10,10,10,10,10,10,9,9,NA
G,11,11,11,11,11,11,11,11,11,10,10,NA
S,12,12,12,12,12,12,12,12,12,11,11,NA
I,13,13,13,13,13,13,13,13,13,12,12,NA
C,14,14,14,14,14,14,14,14,14,13,13,NA
M,15,15,15,15,15,15,15,15,15,14,14,NA
V,16,16,16,16,16,16,16,16,16,15,15,NA
I,17,17,17,17,17,17,17,17,17,16,16,NA
G,18,18,18,18,18,18,18,18,18,17,17,NA
I,19,19,19,19,19,19,19,19,19,18,18,NA
V,20,20,20,20,20,20,20,20,20,19,19,NA
S,21,21,21,21,21,21,21,21,21,20,20,NA
L,22,22,22,22,22,22,22,22,22,21,21,NA
M,23,23,23,23,23,23,23,23,23,22,22,NA
L,24,24,24,24,24,24,24,24,24,23,23,NA
Q,25,25,25,25,25,25,25,25,25,24,24,NA
I,26,26,26,26,26,26,26,26,26,25,25,NA
G,27,27,27,27,27,27,27,27,27,26,26,NA
N,28,28,28,28,28,28,28,28,28,27,27,NA
I,29,29,29,29,29,29,29,29,29,28,28,NA
I,30,30,30,30,30,30,30,30,30,29,29,NA
S,31,31,31,31,31,31,31,31,31,30,30,NA
I,32,32,32,32,32,32,32,32,32,31,31,NA
W,33,33,33,33,33,33,33,33,33,32,32,NA
V,34,34,34,34,34,34,34,34,34,33,33,NA
S,35,35,35,35,35,35,35,35,35,34,34,NA
H,36,36,36,36,36,36,36,36,36,35,35,NA
S,37,37,37,37,37,37,37,37,37,35a,36,NA
I,38,38,38,38,38,38,38,38,38,35b,37,NA
Q,39,39,39,39,39,39,39,39,39,35c,38,NA
T,40,40,40,40,40,40,40,40,40,35d,39,NA
G,41,40a,41,40a,41,41,41,41,41,35e,40,NA
N,42,40b,42,41,42,42,42,42,42,35f,41,NA
Q,43,40c,43,42,43,43,43,43,43,35g,42,NA
Y,44,41,44,43,44,44,44,44,44,35h,43,NA
Q,45,42,45,44,45,45,45,45,45,36,44,NA
P,46,43,46,45,46,46,46,46,46,37,45,NA
E,47,44,47,46,47,47,47,47,47,38,46,NA
P,48,45,48,47,48,48,48,48,48,39,47,NA
C,49,46,49,48,49,49,49,49,49,40,48,NA
-,49a,46a,50,48a,49a,49a,49a,49a,49a,40a,48a,NA
N,50,47,51,49,49b,50,50,49b,49b,41,49,NA
Q,51,48,52,50,49c,51,51,49c,49c,42,50,NA
S,52,48a,53,51,49d,51a,51a,49d,49d,43,50a,NA
I,53,48b,54,52,49e,51b,51b,49e,49e,44,50b,NA
I,54,49,55,53,49f,52,52,50,50,45,51,NA
T,55,50,56,54,49g,53,53,51,51,46,52,NA
Y,56,51,57,55,50,54,54,52,52,47,53,NA
E,57,52,58,56,51,55,55,53,53,48,54,NA
N,58,53,59,57,52,56,56,54,54,49,55,NA
N,59,54,60,58,53,57,57,55,55,50,56,NA
T,60,55,61,59,54,58,58,56,56,51,57,NA
W,61,56,62,60,55,59,59,57,57,52,58,NA
V,62,57,63,61,56,60,60,58,58,53,59,NA
N,63,58,64,62,57,61,61,59,59,54,60,NA
-,63a,59,64a,62a,58,62,61a,59a,59a,54a,61,NA
Q,64,60,65,62b,59,63,62,60,59b,55,62,NA
T,65,61,66,62c,60,64,63,61,60,56,63,NA
Y,66,62,67,63,61,65,64,62,61,57,64,NA
V,67,63,68,64,62,66,65,63,62,58,65,NA
N,68,64,69,65,63,67,66,64,63,59,66,NA
I,69,65,70,66,64,68,67,65,64,60,67,NA
S,70,66,71,67,65,69,68,66,65,61,68,NA
N,71,67,72,68,66,70,69,67,66,62,69,NA
T,72,68,73,68a,67,71,70,68,67,63,70,NA
N,73,69,74,69,68,72,71,69,68,64,71,NA
F,74,70,75,70,69,73,72,70,69,65,72,NA
L,75,71,76,71,70,74,73,71,70,66,73,NA
A,76,72,77,72,71,75,74,72,71,67,74,NA
E,77,73,78,73,72,76,74a,73,72,68,75,NA
Q,78,74,79,74,73,77,75,74,73,69,76,NA
A,79,75,80,75,74,78,76,75,74,70,77,NA
V,80,76,81,76,75,79,77,76,75,71,78,NA
T,81,77,82,77,76,80,78,77,76,72,79,NA
S,82,78,83,78,77,81,79,78,77,73,80,NA
V,83,79,83a,79,78,82,80,79,78,74,81,NA
-,83a,80,83b,80,79,83,81,80,79,75,82,NA
-,83b,81,83c,81,79a,83a,81a,81,79a,76,83,NA
-,83c,82,83d,82,79b,83b,81b,81a,79b,76a,84,NA
-,83d,83,83e,82a,79c,83c,81c,81b,79c,76b,85,NA
T,84,84,84,83,80,84,82,82,80,77,86,NA
L,85,85,85,84,81,85,83,83,81,78,87,NA
A,86,86,86,85,82,86,84,84,82,79,88,NA
G,87,87,87,86,83,87,85,85,83,80,89,NA
N,88,88,88,87,84,88,86,86,84,81,90,NA
S,89,89,89,88,85,89,87,87,85,82,91,NA
S,90,90,90,89,86,90,88,88,86,83,92,NA
L,91,91,91,90,87,91,89,89,87,84,93,NA
C,92,92,92,91,88,92,90,90,88,85,94,NA
P,93,93,93,92,89,93,91,91,89,86,95,NA
I,94,94,94,93,90,94,92,92,90,87,96,NA
S,95,95,95,94,91,95,93,93,91,88,97,NA
G,96,96,96,95,92,96,94,94,92,89,98,NA
W,97,97,97,96,93,97,95,95,93,90,99,NA
A,98,98,98,97,94,98,96,96,94,91,100,NA
I,99,99,99,98,95,99,97,97,95,92,101,NA
Y,100,100,100,99,96,100,98,98,96,93,102,NA
S,101,101,101,100,97,101,99,99,97,94,103,NA
K,102,102,102,101,98,102,100,100,98,95,104,NA
D,103,103,103,102,99,103,101,101,99,96,105,NA
N,104,104,104,103,100,104,102,102,100,97,106,NA
G,105,105,105,104,101,105,103,103,101,98,107,NA
I,106,106,106,105,102,106,104,104,102,99,108,NA
R,107,107,107,106,103,107,105,105,103,100,109,NA
I,108,108,108,107,104,108,106,106,104,101,110,NA
G,109,109,109,108,105,109,107,107,105,102,111,NA
S,110,110,110,109,106,110,108,108,106,103,112,NA
K,111,111,111,110,107,111,109,109,107,104,113,NA
G,112,112,112,111,108,112,110,110,108,105,114,NA
D,113,113,113,112,109,113,111,111,109,106,115,NA
V,114,114,114,113,110,114,112,112,110,107,116,NA
F,115,115,115,114,111,115,113,113,111,108,117,NA
V,116,116,116,115,112,116,114,114,112,109,118,NA
I,117,117,117,116,113,117,115,115,113,110,119,NA
R,118,118,118,117,114,118,116,116,114,111,120,NA
E,119,119,119,118,115,119,117,117,115,112,121,NA
P,120,120,120,119,116,120,118,118,116,113,122,NA
F,121,121,121,120,117,121,119,119,117,114,123,NA
I,122,122,122,121,118,122,120,120,118,115,124,NA
S,123,123,123,122,119,123,121,121,119,116,125,NA
C,124,124,124,123,120,124,122,122,120,117,126,NA
S,125,125,125,124,121,125,123,123,121,118,127,NA
H,126,126,126,125,122,126,124,124,122,119,128,NA
L,127,127,127,126,123,127,125,125,123,120,129,NA
E,128,128,128,127,124,128,126,126,124,121,130,NA
C,129,129,129,128,125,129,127,127,125,122,131,NA
R,130,130,130,129,126,130,128,128,126,123,132,NA
T,131,131,131,130,127,131,129,129,127,124,133,NA
F,132,132,132,131,128,132,130,130,128,125,134,NA
F,133,133,133,132,129,133,131,131,129,126,135,NA
L,134,134,134,133,130,134,132,132,130,127,136,NA
T,135,135,135,134,131,135,133,133,131,128,137,NA
Q,136,136,136,135,132,136,134,134,132,129,138,NA
G,137,137,137,136,133,137,135,135,133,130,139,NA
A,138,138,138,137,134,138,136,136,134,131,140,NA
L,139,139,139,138,135,139,137,137,135,132,141,NA
L,140,140,140,139,136,140,138,138,136,133,142,NA
N,141,141,141,140,137,141,139,139,137,134,143,NA
D,142,142,142,141,138,142,140,140,138,135,144,NA
K,143,143,143,142,139,143,141,141,139,136,145,NA
H,144,144,144,143,140,144,142,142,140,137,146,NA
S,145,145,145,144,141,145,143,143,141,138,147,NA
N,146,146,146,145,142,146,144,144,142,139,148,NA
G,147,147,147,146,143,147,145,145,143,140,149,NA
T,148,148,148,147,144,148,146,146,144,141,150,NA
V,149,149,149,148,145,149,147,147,145,142,151,NA
K,150,150,150,149,146,150,148,148,146,143,152,NA
D,151,151,151,150,147,151,149,149,147,144,153,NA
R,152,152,152,151,148,152,150,150,148,145,154,NA
S,153,153,153,152,149,153,151,151,149,146,155,NA
P,154,154,154,153,150,154,152,152,150,146a,155a,NA
Y,155,155,155,154,151,155,153,153,151,146b,155b,NA
R,156,156,156,155,152,156,154,154,152,146c,155c,NA
T,157,157,157,156,153,157,155,155,153,147,156,NA
L,158,158,158,157,154,158,156,156,154,148,157,NA
M,159,159,159,158,155,159,157,157,155,149,158,NA
S,160,160,160,159,156,160,158,158,156,150,159,NA
C,161,161,161,160,157,161,159,159,157,151,160,NA
P,162,162,162,161,158,162,160,160,158,152,161,NA
V,163,163,163,162,159,163,161,161,159,153,162,NA
G,164,164,164,163,160,164,162,162,160,154,163,NA
E,165,165,165,164,161,165,163,163,161,155,164,NA
A,166,166,166,165,162,166,164,164,162,156,165,NA
P,167,167,167,166,163,167,165,165,163,157,166,NA
S,168,168,168,167,164,168,166,166,164,158,167,NA
P,169,169,169,168,165,169,167,167,165,159,168,NA
Y,170,170,170,169,166,170,168,168,166,160,169,NA
N,171,170a,171,170,167,171,169,169,167,161,170,NA
S,172,171,172,171,168,172,170,170,168,162,171,NA
R,173,172,173,172,169,173,171,171,169,163,172,NA
F,174,173,174,173,170,174,172,172,170,164,173,NA
E,175,174,175,174,171,175,173,173,171,165,174,NA
S,176,175,176,175,172,176,174,174,172,166,175,NA
V,177,176,177,176,173,177,175,175,173,167,176,NA
A,178,177,178,177,174,178,176,176,174,168,177,NA
W,179,178,179,178,175,179,177,177,175,169,178,NA
S,180,179,180,179,176,180,178,178,176,170,179,NA
A,181,180,181,180,177,181,179,179,177,171,180,NA
S,182,181,182,181,178,182,180,180,178,172,181,NA
A,183,182,183,182,179,183,181,181,179,173,182,NA
C,184,183,184,183,180,184,182,182,180,174,183,NA
H,185,184,185,184,181,185,183,183,181,175,184,NA
D,186,185,186,185,182,186,184,184,182,176,185,NA
G,187,186,187,186,183,187,185,185,183,177,186,NA
I,188,187,188,187,184,188,186,186,184,178,187,NA
S,189,188,189,188,185,189,187,187,185,179,188,NA
W,190,189,190,189,186,190,188,188,186,180,189,NA
L,191,190,191,190,187,191,189,189,187,181,190,NA
T,192,191,192,191,188,192,190,190,188,182,191,NA
I,193,192,193,192,189,193,191,191,189,183,192,NA
G,194,193,194,193,190,194,192,192,190,184,193,NA
I,195,194,195,194,191,195,193,193,191,185,194,NA
S,196,195,196,195,192,196,194,194,192,186,195,NA
G,197,196,197,196,193,197,195,195,193,187,196,NA
P,198,197,198,197,194,198,196,196,194,188,196a,NA
D,199,198,199,198,195,199,197,197,195,189,196b,NA
N,200,199,200,199,196,200,198,198,196,190,196c,NA
G,201,200,201,200,197,201,199,199,197,191,197,NA
A,202,201,202,201,198,202,200,200,198,192,198,NA
V,203,202,203,202,199,203,201,201,199,193,199,NA
A,204,203,204,203,200,204,202,202,200,194,200,NA
V,205,204,205,204,201,205,203,203,201,195,201,NA
L,206,205,206,205,202,206,204,204,202,196,202,NA
K,207,206,207,206,203,207,205,205,203,197,203,NA
Y,208,207,208,207,204,208,206,206,204,198,204,NA
N,209,208,209,208,205,209,207,207,205,199,205,NA
G,210,209,210,209,206,210,208,208,206,200,206,NA
I,211,210,211,210,207,211,209,209,207,201,207,NA
I,212,211,212,211,208,212,210,210,208,202,208,NA
T,213,212,213,212,209,213,211,211,209,203,209,NA
D,214,213,214,213,210,214,212,212,210,204,210,NA
T,215,214,215,214,211,215,213,213,211,205,211,NA
I,216,215,216,215,212,216,214,214,212,206,212,NA
K,217,216,217,216,213,217,215,215,213,207,213,NA
S,218,217,218,217,214,218,216,216,214,208,214,NA
W,219,218,219,218,215,219,217,217,215,209,215,NA
R,220,219,220,219,216,220,218,218,216,210,216,NA
N,221,220,221,220,217,221,219,219,217,211,217,NA
N,222,221,222,221,218,222,220,220,218,212,218,NA
I,223,222,223,222,219,223,221,221,219,213,219,NA
L,224,223,224,223,220,224,222,222,220,214,220,NA
R,225,224,225,224,221,225,223,223,221,215,221,NA
T,226,225,226,225,222,226,224,224,222,216,222,NA
Q,227,226,227,226,223,227,225,225,223,217,223,NA
E,228,227,228,227,224,228,226,226,224,218,224,NA
S,229,228,229,228,225,229,227,227,225,219,225,NA
E,230,229,230,229,226,230,228,228,226,220,226,NA
C,231,230,231,230,227,231,229,229,227,221,227,NA
A,232,231,232,231,228,232,230,230,228,222,228,NA
C,233,232,233,232,229,233,231,231,229,223,229,NA
V,234,233,234,233,230,234,232,232,230,224,230,NA
N,235,234,235,234,231,235,233,233,231,225,231,NA
G,236,235,236,235,232,236,234,234,232,226,232,NA
S,237,236,237,236,233,237,235,235,233,227,233,NA
C,238,237,238,237,234,238,236,236,234,228,234,NA
F,239,238,239,238,235,239,237,237,235,229,235,NA
T,240,239,240,239,236,240,238,238,236,230,236,NA
V,241,240,241,240,237,241,239,239,237,231,237,NA
M,242,241,242,241,238,242,240,240,238,232,238,NA
T,243,242,243,242,239,243,241,241,239,233,239,NA
D,244,243,244,243,240,244,242,242,240,234,240,NA
G,245,244,245,244,241,245,243,243,241,235,241,NA
P,246,245,246,245,242,246,244,244,242,236,242,NA
S,247,246,247,246,243,247,245,245,243,237,243,NA
N,248,247,248,247,244,248,246,246,244,238,244,NA
G,249,248,249,248,245,249,247,247,245,239,245,NA
Q,250,249,250,249,246,250,248,248,246,240,246,NA
A,251,250,251,250,247,251,249,249,247,241,247,NA
S,252,251,252,251,248,252,250,250,248,242,248,NA
Y,253,252,253,252,249,253,251,251,249,243,249,NA
K,254,253,254,253,250,254,252,252,250,244,250,NA
I,255,254,255,254,251,255,253,253,251,245,251,NA
F,256,255,256,255,252,256,254,254,252,246,252,NA
K,257,256,257,256,253,257,255,255,253,247,253,NA
I,258,257,258,257,254,258,256,256,254,248,254,NA
D,259,258,259,258,255,259,257,257,255,249,255,NA
K,260,259,260,259,256,260,258,258,256,250,256,NA
G,261,260,261,260,257,261,259,259,257,251,257,NA
K,262,261,262,261,258,262,260,260,258,252,258,NA
V,263,262,263,262,259,263,261,261,259,253,259,NA
V,264,263,264,263,260,264,262,262,260,254,260,NA
K,265,264,265,264,261,265,263,263,261,255,261,NA
S,266,265,266,265,262,266,264,264,262,256,262,NA
V,267,266,267,266,263,267,265,265,263,257,263,NA
E,268,267,268,267,264,268,266,266,264,258,264,NA
L,269,268,269,268,265,269,267,267,265,259,265,NA
N,270,269,270,269,266,270,268,268,266,260,266,NA
A,271,270,271,270,267,271,269,269,267,261,267,NA
P,272,271,272,271,268,272,270,270,268,262,268,NA
N,273,272,273,272,269,273,271,271,269,263,269,NA
-,273a,272a,274,272a,269a,273a,271a,271a,269a,263a,269a,NA
Y,274,273,275,273,270,274,272,272,270,264,270,NA
H,275,274,276,274,271,275,273,273,271,265,271,NA
Y,276,275,277,275,272,276,274,274,272,266,272,NA
E,277,276,278,276,273,277,275,275,273,267,273,NA
E,278,277,279,277,274,278,276,276,274,268,274,NA
C,279,278,280,278,275,279,277,277,275,269,275,NA
S,280,279,281,279,276,280,278,278,276,270,276,NA
C,281,280,282,280,277,281,279,279,277,271,277,NA
Y,282,281,283,281,278,282,280,280,278,272,278,NA
P,283,282,284,282,279,283,281,281,279,273,279,NA
D,284,283,285,283,280,284,282,282,280,274,280,NA
A,285,284,286,284,281,285,283,283,281,275,281,NA
G,286,285,286a,285,282,286,284,284,282,276,282,NA
D,287,286,287,286,283,287,285,285,283,277,283,NA
I,288,287,288,287,284,288,286,286,284,278,284,NA
M,289,288,289,288,285,289,287,287,285,279,285,NA
C,290,289,290,289,286,290,288,288,286,280,286,NA
V,291,290,291,290,287,291,289,289,287,281,287,NA
C,292,291,292,291,288,292,290,290,288,282,288,NA
R,293,292,293,292,289,293,291,291,289,283,289,NA
D,294,293,294,293,290,294,292,292,290,284,290,NA
N,295,294,295,294,291,295,293,293,291,285,291,NA
W,296,295,296,295,292,296,294,294,292,286,292,NA
H,297,296,297,296,293,297,295,295,293,287,293,NA
G,298,297,298,297,294,298,296,296,294,288,294,NA
S,299,298,299,298,295,299,297,297,295,289,295,NA
N,300,299,300,299,296,300,298,298,296,290,296,NA
R,301,300,301,300,297,301,299,299,297,291,297,NA
P,302,301,302,301,298,302,300,300,298,292,298,NA
W,303,302,303,302,299,303,301,301,299,293,299,NA
V,304,303,304,303,300,304,302,302,300,294,300,NA
S,305,304,305,304,301,305,303,303,301,295,301,NA
F,306,305,306,305,302,306,304,304,302,296,302,NA
N,307,306,307,306,303,307,305,305,303,297,303,NA
Q,308,307,308,307,304,308,306,306,304,298,304,NA
-,308a,308,308a,307a,304a,309,307,306a,305,298a,304a,NA
N,309,309,309,308,305,310,308,307,306,299,305,NA
L,310,310,310,309,306,311,309,308,307,300,306,NA
E,311,311,311,310,307,312,310,309,308,301,307,NA
Y,312,312,312,311,308,313,311,310,309,302,308,NA
Q,313,313,313,312,309,314,312,311,310,303,309,NA
I,314,314,314,313,310,315,313,312,311,304,310,NA
G,315,315,315,314,311,316,314,313,312,305,311,NA
Y,316,316,316,315,312,317,315,314,313,306,312,NA
I,317,317,317,316,313,318,316,315,314,307,313,NA
C,318,318,318,317,314,319,317,316,315,308,314,NA
S,319,319,319,318,315,320,318,317,316,309,315,NA
G,320,320,320,319,316,321,319,318,317,310,316,NA
V,321,321,321,320,317,322,320,319,318,311,317,NA
F,322,322,322,321,318,323,321,320,319,312,318,NA
G,323,323,323,322,319,324,322,321,320,313,319,NA
D,324,324,324,323,320,325,323,322,321,314,320,NA
N,325,325,325,324,321,326,324,323,322,315,321,NA
P,326,326,326,325,322,327,325,324,323,316,322,NA
R,327,327,327,326,323,328,326,325,324,317,323,NA
P,328,328,328,327,324,329,327,326,325,318,324,NA
N,329,329,329,328,325,330,328,327,326,319,325,NA
D,330,330,330,329,326,331,329,328,327,320,326,NA
G,331,331,331,330,327,332,330,329,328,321,327,NA
-,331a,332,332,330a,328,333,331,330,329,321a,327a,NA
-,331b,333,332a,330b,329,333a,331a,331,329a,321b,327b,NA
T,332,334,333,331,330,334,332,332,330,322,328,NA
G,333,335,334,332,331,335,333,333,331,323,329,NA
S,334,336,335,333,332,336,334,334,332,324,330,NA
C,335,337,336,334,333,337,335,335,333,325,331,NA
-,335a,338,337,335,334,338,336,336,334,326,332,NA
S,336,339,338,336,335,339,337,337,335,327,333,NA
P,337,340,339,337,336,340,338,338,336,328,334,NA
M,338,341,340,338,337,341,339,339,337,329,335,NA
S,339,342,341,339,338,342,340,340,338,330,336,NA
S,340,343,342,340,339,343,341,341,339,331,337,NA
-,340a,343a,342a,340a,340,343a,341a,341a,339a,331a,337a,NA
-,340b,343b,342b,341,341,344,342,341b,339b,332,338,NA
N,341,344,343,342,342,345,343,342,340,333,339,NA
G,342,345,344,343,343,346,344,343,341,334,340,NA
A,343,346,345,344,344,347,345,343a,342,334a,340a,NA
Y,344,347,346,345,345,348,346,344,343,334b,340b,NA
G,345,348,347,346,346,349,347,345,344,335,341,NA
V,346,349,348,347,347,350,348,346,345,336,342,NA
K,347,350,349,348,348,351,349,347,346,337,343,NA
G,348,351,350,349,349,352,350,348,347,338,344,NA
F,349,352,351,350,350,353,351,349,348,339,345,NA
S,350,353,352,351,351,354,352,350,349,339a,345a,NA
F,351,354,353,352,352,355,353,351,350,340,346,NA
K,352,355,354,353,353,356,354,352,351,341,347,NA
Y,353,356,355,354,354,357,355,353,352,342,348,NA
G,354,357,356,355,355,358,356,354,353,343,349,NA
N,355,358,357,356,356,359,357,355,354,344,350,NA
G,356,359,358,357,357,360,358,356,355,345,351,NA
V,357,360,359,358,358,361,359,357,356,346,352,NA
W,358,361,360,359,359,362,360,358,357,347,353,NA
I,359,362,361,360,360,363,361,359,358,348,354,NA
G,360,363,362,361,361,364,362,360,359,349,355,NA
R,361,364,363,362,362,365,363,361,360,350,356,NA
T,362,365,364,363,363,366,364,362,361,351,357,NA
K,363,366,365,364,364,367,365,363,362,352,358,NA
S,364,367,366,365,365,368,366,364,363,353,359,NA
T,365,368,367,366,366,369,367,365,364,354,360,NA
S,366,369,368,367,367,370,368,366,365,355,361,NA
S,367,370,369,368,368,371,369,367,366,356,362,NA
R,368,371,370,369,369,372,370,368,367,357,363,NA
S,369,372,371,370,370,373,371,369,368,358,364,NA
G,370,373,372,371,371,374,372,370,369,359,365,NA
F,371,374,373,372,372,375,373,371,370,360,366,NA
E,372,375,374,373,373,376,374,372,371,361,367,NA
M,373,376,375,374,374,377,375,373,372,362,368,NA
I,374,377,376,375,375,378,376,374,373,363,369,NA
W,375,378,377,376,376,379,377,375,374,364,370,NA
D,376,379,378,377,377,380,378,376,375,365,371,NA
P,377,380,379,378,378,381,379,377,376,366,372,NA
N,378,381,380,379,379,382,380,378,377,367,373,NA
G,379,382,381,380,380,383,381,379,378,368,374,NA
W,380,383,382,381,381,384,382,380,379,369,375,NA
T,381,384,383,382,382,385,383,381,380,370,376,NA
E,382,385,384,383,383,386,384,382,381,371,377,NA
-,382a,386,385,383a,383a,386a,384a,382a,381a,371a,377a,NA
T,383,387,386,384,384,387,385,383,382,371b,378,NA
D,384,388,387,385,385,388,386,384,383,372,379,NA
S,385,389,388,386,386,389,387,385,384,373,380,NA
S,386,390,389,387,387,390,388,386,385,374,381,NA
F,387,391,390,388,388,391,389,387,386,375,382,NA
S,388,392,391,389,389,392,390,388,387,376,383,NA
V,389,393,392,390,390,393,391,389,388,377,384,NA
K,390,394,393,391,391,394,392,390,389,378,385,NA
Q,391,395,394,392,392,395,393,391,390,379,386,NA
D,392,396,395,393,393,396,394,392,391,380,387,NA
I,393,397,396,394,394,397,395,393,392,381,388,NA
V,394,398,397,395,395,398,396,394,393,382,389,NA
E,395,399,398,396,396,399,397,395,394,383,390,NA
I,396,400,399,397,397,400,398,396,395,384,391,NA
T,397,401,400,398,398,401,399,397,396,385,392,NA
D,398,402,401,399,399,402,400,398,397,386,393,NA
W,399,403,402,400,400,403,401,399,398,387,394,NA
S,400,404,403,401,401,404,402,400,399,387a,394a,NA
G,401,405,404,402,402,405,403,401,400,388,395,NA
Y,402,406,405,403,403,406,404,402,401,389,396,NA
S,403,407,406,404,404,407,405,403,402,390,397,NA
G,404,408,407,405,405,408,406,404,403,391,398,NA
S,405,409,408,406,406,409,407,405,404,392,399,NA
F,406,410,409,407,407,410,408,406,405,393,400,NA
V,407,411,410,408,408,411,409,407,406,394,401,NA
Q,408,412,411,409,409,412,410,408,407,395,402,NA
H,409,413,412,410,410,413,411,409,408,396,403,NA
P,410,413a,412a,411,411,414,412,410,409,397,404,NA
E,411,413b,412b,412,412,415,413,411,410,398,405,NA
L,412,413c,412c,413,413,415a,414,412,410a,399,405a,NA
T,413,413d,412d,414,414,415b,414a,413,410b,399a,405b,NA
G,414,414,413,415,415,416,415,414,411,400,406,NA
L,415,415,414,416,416,417,416,415,412,401,407,NA
D,416,416,415,417,417,418,417,416,413,402,408,NA
C,417,417,416,418,418,419,418,417,414,403,409,NA
M,418,418,417,419,419,420,419,418,415,404,410,NA
R,419,419,418,420,420,421,420,419,416,405,411,NA
P,420,420,419,421,421,422,421,420,417,406,412,NA
C,421,421,420,422,422,423,422,421,418,407,413,NA
F,422,422,421,423,423,424,423,422,419,408,414,NA
W,423,423,422,424,424,425,424,423,420,409,415,NA
V,424,424,423,425,425,426,425,424,421,410,416,NA
E,425,425,424,426,426,427,426,425,422,411,417,NA
L,426,426,425,427,427,428,427,426,423,412,418,NA
I,427,427,426,428,428,429,428,427,424,412a,418a,NA
R,428,428,427,429,429,430,429,428,425,412b,418b,NA
G,429,429,428,430,430,431,430,429,426,412c,418c,NA
R,430,430,429,431,431,432,431,430,427,412d,418d,NA
P,431,431,430,432,432,433,432,431,428,412e,418e,NA
K,432,432,431,433,433,434,433,432,429,413,419,NA
E,433,433,432,434,434,435,434,433,430,414,420,NA
N,434,434,433,435,435,436,435,434,431,415,421,NA
T,435,435,434,436,436,437,436,435,432,416,422,NA
-,435a,435a,435,436a,436a,437a,437,435a,432a,417,423,NA
-,435b,436,436,436b,437,438,438,435b,433,418,424,NA
I,436,437,437,437,438,439,439,436,434,419,425,NA
W,437,438,438,438,439,440,440,437,435,420,426,NA
T,438,439,439,439,440,441,441,438,436,421,427,NA
S,439,440,440,440,441,442,442,439,437,422,428,NA
G,440,441,441,441,442,443,443,440,438,423,429,NA
S,441,442,442,442,443,444,444,441,439,424,430,NA
S,442,443,443,443,444,445,445,442,440,425,431,NA
I,443,444,444,444,445,446,446,443,441,426,432,NA
S,444,445,445,445,446,447,447,444,442,427,433,NA
F,445,446,446,446,447,448,448,445,443,428,434,NA
C,446,447,447,447,448,449,449,446,444,429,435,NA
G,447,448,448,448,449,450,450,447,445,430,436,NA
V,448,449,449,449,450,451,451,448,446,431,437,NA
N,449,450,450,450,451,452,452,449,447,432,438,NA
S,450,451,451,451,452,453,453,450,448,433,439,NA
D,451,452,452,452,453,454,454,451,449,434,440,NA
T,452,453,453,453,454,455,455,452,450,435,441,NA
V,453,454,454,454,455,456,456,453,451,436,442,NA
G,454,455,455,455,456,457,457,454,452,437,443,NA
W,455,456,456,456,457,458,458,455,453,438,444,NA
S,456,457,457,457,458,459,459,456,454,439,445,NA
W,457,458,458,458,459,460,460,457,455,440,446,NA
P,458,459,459,459,460,461,461,458,456,441,447,NA
D,459,460,460,460,461,462,462,459,457,442,448,NA
G,460,461,461,461,462,463,463,460,458,443,448a,NA
A,461,462,462,462,463,464,464,461,459,443a,448b,NA
E,462,463,463,463,464,465,465,462,460,443b,448c,NA
L,463,464,464,464,465,466,466,463,461,443c,448d,NA
P,464,465,465,465,466,467,467,464,462,443d,448e,NA
F,465,466,466,466,467,468,468,465,463,443e,448f,NA
T,466,467,467,467,468,469,469,466,464,443f,448g,NA
I,467,468,468,468,469,470,470,467,465,443g,448h,NA
D,468,469,469,469,470,471,471,468,466,443h,448i,NA
K,469,470,470,470,471,471a,471a,469,466a,443i,448j,NA
*,470,470a,470a,471,472,471b,471b,470,466b,443j,448k,NA
-,470a,470b,470b,471a,473,471c,471c,471,466c,443k,448l,NA
