sequential_site(H5_numbering),reference_site(H3_numbering),reference_H1_site(H1_numbering),mature_H5_site(no_signal_peptide),H7_NUMBERING,H9_NUMBERING,HA1_HA2_H5_site,region,AA_seq,AA_seq_FluMut,AA_seq_H7,AA_seq_H9
1,-6,-16,-16,-16,-16,1 (HA1),HA1,M,M,-,-
2,-5,-15,-15,-15,-15,2 (HA1),HA1,E,E,-,-
3,-4,-14,-14,-14,-14,3 (HA1),HA1,N,N,-,-
4,-3,-13,-13,-13,-13,4 (HA1),HA1,I,I,-,-
5,-2,-12,-12,-12,-12,5 (HA1),HA1,V,V,-,-
6,-1,-11,-11,-11,-11,6 (HA1),HA1,L,L,-,-
7,1,-10,-10,-10,-10,7 (HA1),HA1,L,L,-,-
8,2,-9,-9,-9,-9,8 (HA1),HA1,L,L,-,-
9,3,-8,-8,-8,-8,9 (HA1),HA1,A,A,-,-
10,4,-7,-7,-7,-7,10 (HA1),HA1,I,I,-,-
11,5,-6,-6,-6,-6,11 (HA1),HA1,V,V,-,-
12,6,-5,-5,-5,-5,12 (HA1),HA1,S,S,-,-
13,7,-4,-4,-4,-4,13 (HA1),HA1,L,L,-,-
14,8,-3,-3,-3,-3,14 (HA1),HA1,V,V,-,-
15,9,-2,-2,-2,-2,15 (HA1),HA1,K,K,-,-
16,10,-1,-1,-1,-1,16 (HA1),HA1,S,S,-,-
17,11,1,1,1,1,17 (HA1),HA1,D,D,D,D
18,12,2,2,2,2,18 (HA1),HA1,Q,Q,K,K
19,13,3,3,3,3,19 (HA1),HA1,I,I,I,I
20,14,4,4,4,4,20 (HA1),HA1,C,C,C,C
21,15,5,5,5,5,21 (HA1),HA1,I,I,L,I
22,16,6,6,6,6,22 (HA1),HA1,G,G,G,G
23,17,7,7,7,7,23 (HA1),HA1,Y,Y,H,Y
24,18,8,8,8,8,24 (HA1),HA1,H,H,H,Q
25,19,9,9,9,9,25 (HA1),HA1,A,A,A,S
26,20,10,10,10,10,26 (HA1),HA1,N,N,V,T
27,21,11,11,11,11,27 (HA1),HA1,N,N,S,N
28,22,12,12,12,12,28 (HA1),HA1,S,S,N,S
29,23,13,13,13,13,29 (HA1),HA1,T,T,G,T
30,24,14,14,14,14,30 (HA1),HA1,E,E,T,E
31,25,15,15,15,15,31 (HA1),HA1,Q,Q,K,T
32,26,16,16,16,16,32 (HA1),HA1,V,V,V,V
33,27,17,17,17,17,33 (HA1),HA1,D,D,N,D
34,28,18,18,18,18,34 (HA1),HA1,T,T,T,T
35,29,19,19,19,19,35 (HA1),HA1,I,I,L,L
36,30,20,20,20,20,36 (HA1),HA1,M,M,T,T
37,31,21,21,21,21,37 (HA1),HA1,E,E,E,E
38,32,22,22,22,22,38 (HA1),HA1,K,K,R,N
39,33,23,23,23,23,39 (HA1),HA1,N,N,G,N
40,34,24,24,24,24,40 (HA1),HA1,V,V,V,V
41,35,25,25,25,25,41 (HA1),HA1,T,T,E,P
42,36,26,26,26,26,42 (HA1),HA1,V,V,V,V
43,37,27,27,27,27,43 (HA1),HA1,T,T,V,T
44,38,28,28,28,28,44 (HA1),HA1,H,H,N,H
45,39,29,29,29,29,45 (HA1),HA1,A,A,A,A
46,40,30,30,30,30,46 (HA1),HA1,Q,Q,T,K
47,41,31,31,31,31,47 (HA1),HA1,D,D,E,E
48,42,32,32,32,32,48 (HA1),HA1,I,I,T,L
49,43,33,33,33,33,49 (HA1),HA1,L,L,V,L
50,44,34,34,34,34,50 (HA1),region-C,E,E,E,H
51,45,35,35,35,35,51 (HA1),region-C,K,K,R,T
52,46,36,36,36,36,52 (HA1),region-C,T,T,T,E
53,47,37,37,37,37,53 (HA1),region-C,H,H,N,H
54,48,38,38,38,38,54 (HA1),region-C,N,N,I,N
55,49,39,39,39,39,55 (HA1),region-C,G,G,P,G
56,50,40,40,40,40,56 (HA1),region-C,K,K,R,M
57,51,41,41,41,41,57 (HA1),region-C,L,L,I,L
58,52,42,42,42,42,58 (HA1),region-C,C,C,C,C
59,53,43,43,43,43,59 (HA1),region-C,D,D,S,A
60,54,44,44,,44,60 (HA1),region-C,L,L,-,T
61,54a,45,45,44,45,61 (HA1),HA1,N,N,K,N
62,55,46,46,45,46,62 (HA1),HA1,G,G,G,L
63,56,47,47,45,47,63 (HA1),HA1,V,V,K,G
64,57,48,48,47,48,64 (HA1),HA1,K,K,R,H
65,58,49,49,48,49,65 (HA1),HA1,P,P,T,P
66,59,50,50,49,50,66 (HA1),HA1,L,L,V,L
67,60,51,51,50,51,67 (HA1),HA1,I,I,D,I
68,61,52,52,51,52,68 (HA1),HA1,L,L,L,L
69,62,53,53,52,53,69 (HA1),region-E,K,K,G,D
70,63,54,54,53,54,70 (HA1),region-E,D,D,Q,T
71,64,55,55,54,55,71 (HA1),region-E,C,C,C,C
72,65,56,56,55,56,72 (HA1),region-E,S,S,G,T
73,66,57,57,56,57,73 (HA1),HA1,V,V,L,I
74,67,58,58,57,58,74 (HA1),HA1,A,A,L,E
75,68,59,59,58,59,75 (HA1),HA1,G,G,G,G
76,69,60,60,59,60,76 (HA1),HA1,W,W,T,L
77,70,61,61,60,61,77 (HA1),HA1,L,L,I,I
78,71,62,62,61,62,78 (HA1),HA1,L,L,T,Y
79,72,63,63,62,63,79 (HA1),HA1,G,G,G,G
80,73,64,64,63,64,80 (HA1),HA1,N,N,P,N
81,74,65,65,64,65,81 (HA1),HA1,P,P,P,P
82,75,66,66,65,66,82 (HA1),HA1,M,M,Q,S
83,76,67,67,66,67,83 (HA1),HA1,C,C,C,C
84,77,68,68,67,68,84 (HA1),HA1,D,D,D,D
85,78,69,69,68,69,85 (HA1),region-E,E,E,Q,L
86,79,70,70,69,70,86 (HA1),region-E,F,F,F,L
87,80,71,71,70,71,87 (HA1),region-E,I,I,L,L
88,81,72,72,71,72,88 (HA1),region-E,R,E,E,G
89,82,73,73,72,73,89 (HA1),region-E,V,V,F,G
90,82a,74,74,73,74,90 (HA1),region-E,P,P,S,R
91,83,75,75,74,75,91 (HA1),region-E,E,E,A,E
92,84,76,76,,76,92 (HA1),region-E,W,W,-,W
93,85,77,77,75,77,93 (HA1),region-E,S,S,D,S
94,86,78,78,76,78,94 (HA1),region-E,Y,Y,L,Y
95,87,79,79,77,79,95 (HA1),region-E,I,I,I,I
96,88,80,80,78,80,96 (HA1),region-E,V,V,I,V
97,89,81,81,79,81,97 (HA1),region-E,E,E,E,E
98,90,82,82,80,82,98 (HA1),region-E,R,R,R,R
99,91,83,83,81,83,99 (HA1),region-E,A,A,R,P
100,92,84,84,82,84,100 (HA1),region-E,N,N,E,S
101,92a,85,85,83,85,101 (HA1),region-E,P,P,G,A
102,93,86,86,,86,102 (HA1),region-E,A,A,-,V
103,94,87,87,84,87,103 (HA1),region-E,N,N,S,N
104,95,88,88,85,88,104 (HA1),HA1,D,G,D,G
105,96,89,89,86,89,105 (HA1),HA1,L,L,V,L
106,97,90,90,87,90,106 (HA1),HA1,C,C,C,C
107,98,91,91,88,91,107 (HA1),HA1,Y,Y,Y,Y
108,99,92,92,89,92,108 (HA1),HA1,P,P,P,P
109,100,93,93,90,93,109 (HA1),HA1,G,G,G,G
110,101,94,94,91,94,110 (HA1),HA1,S,S,K,N
111,102,95,95,92,95,111 (HA1),HA1,L,L,F,V
112,103,96,96,93,96,112 (HA1),HA1,N,N,V,E
113,104,97,97,94,97,113 (HA1),HA1,D,D,N,N
114,105,98,98,95,98,114 (HA1),HA1,Y,Y,E,L
115,106,99,99,96,99,115 (HA1),HA1,E,E,E,E
116,107,100,100,97,100,116 (HA1),HA1,E,E,A,E
117,108,101,101,98,101,117 (HA1),HA1,L,L,L,L
118,109,102,102,99,102,118 (HA1),HA1,K,K,R,R
119,110,103,103,100,103,119 (HA1),HA1,H,H,Q,S
120,111,104,104,101,104,120 (HA1),HA1,M,L,I,L
121,112,105,105,102,105,121 (HA1),HA1,L,L,L,F
122,113,106,106,103,106,122 (HA1),HA1,S,S,R,S
123,114,107,107,104,107,123 (HA1),HA1,R,R,E,S
124,115,108,108,105,108,124 (HA1),HA1,I,I,S,A
125,116,109,109,106,109,125 (HA1),HA1,N,N,G,S
126,117,110,110,107,110,126 (HA1),HA1,H,H,G,S
127,118,111,111,108,111,127 (HA1),HA1,F,F,I,Y
128,119,112,112,109,112,128 (HA1),HA1,E,E,D,Q
129,120,113,113,110,113,129 (HA1),HA1,K,K,K,R
130,121,114,114,111,114,130 (HA1),HA1,I,I,E,I
131,122,115,115,112,115,131 (HA1),region-A,L,L,A,Q
132,123,116,116,113,116,132 (HA1),region-A,I,I,M,I
133,124,117,117,114,117,133 (HA1),region-A,I,I,G,F
134,125,118,118,115,118,134 (HA1),region-A,P,P,F,P
135,125a,119,119,116,119,135 (HA1),region-A,K,K,T,D
136,125b,120,120,117,120,136 (HA1),region-A,S,S,Y,T
137,126,122,121,118,121,137 (HA1),region-A,S,S,S,I
138,127,123,122,,122,138 (HA1),region-A,W,W,-,W
139,128,124,123,,,139 (HA1),region-A,P,P,-,-
140,129,125,124,,,140 (HA1),region-A,N,N,-,-
141,130,126,125,119,123,141 (HA1),region-A,H,H,G,N
142,131,127,126,120,124,142 (HA1),region-A,E,E,I,V
143,132,128,127,121,125,143 (HA1),region-A,T,T,R,S
144,133,129,128,122,126,144 (HA1),region-A,S,S,T,Y
145,133a,130,129,123,127,145 (HA1),region-A,L,L,N,S
146,134,131,130,124,128,146 (HA1),region-A,G,G,G,G
147,135,132,131,125,129,147 (HA1),region-A,V,V,A,T
148,136,133,132,126,130,148 (HA1),region-A,S,S,T,S
149,137,134,133,127,131,149 (HA1),region-A,A,A,S,K
150,138,135,134,128,132,150 (HA1),region-A,A,A,A,A
151,139,136,135,129,133,151 (HA1),region-A,C,C,C,C
152,140,137,136,,,152 (HA1),region-A,P,P,-,-
153,141,138,137,130,,153 (HA1),region-A,Y,Y,R,-
154,142,139,138,131,,154 (HA1),region-A,Q,Q,R,-
155,143,140,139,132,,155 (HA1),region-A,G,G,S,-
156,144,141,140,133,134,156 (HA1),region-A,A,A,G,S
157,145,142,141,134,135,157 (HA1),region-A,P,P,S,D
158,146,143,142,135,136,158 (HA1),region-A,S,S,S,S
159,147,144,143,136,137,159 (HA1),HA1,F,F,F,F
160,148,145,144,137,138,160 (HA1),HA1,F,F,Y,Y
161,149,146,145,138,139,161 (HA1),HA1,R,R,A,R
162,150,147,146,139,140,162 (HA1),HA1,N,N,E,S
163,151,148,147,140,141,163 (HA1),HA1,V,V,M,M
164,152,149,148,141,142,164 (HA1),HA1,V,V,K,R
165,153,150,149,142,143,165 (HA1),HA1,W,W,W,W
166,154,151,150,143,144,166 (HA1),HA1,L,L,L,L
167,155,152,151,144,145,167 (HA1),region-B,I,I,L,T
168,156,153,152,145,146,168 (HA1),region-B,K,K,S,Q
169,157,154,153,146,147,169 (HA1),region-B,K,K,N,K
170,158,155,154,147,148,170 (HA1),region-B,N,N,T,N
171,159,156,155,148,149,171 (HA1),region-B,D,D,D,N
,,,,149,,,,-,-,N,-
,,,,150,,,-,,-,A,-
172,160,157,156,151,150,172 (HA1),region-B,A,A,A,A
173,161,158,157,152,151,173 (HA1),HA1,Y,Y,F,Y
174,162,159,158,153,152,174 (HA1),HA1,P,P,P,P
175,163,160,159,154,153,175 (HA1),HA1,T,T,Q,I
176,164,161,160,155,154,176 (HA1),HA1,I,I,M,Q
177,165,162,161,156,155,177 (HA1),HA1,K,K,T,D
178,166,163,162,157,156,178 (HA1),HA1,I,I,K,A
179,167,164,163,158,157,179 (HA1),HA1,S,S,S,Q
180,168,165,164,159,158,180 (HA1),HA1,Y,Y,Y,Y
181,169,166,165,160,159,181 (HA1),HA1,N,N,K,T
182,170,167,166,161,160,182 (HA1),HA1,N,N,N,N
183,171,168,167,162,161,183 (HA1),HA1,T,T,T,N
184,172,169,168,163,162,184 (HA1),HA1,N,N,R,R
185,173,170,169,164,163,185 (HA1),HA1,R,R,K,E
186,174,171,170,165,164,186 (HA1),HA1,E,E,S,K
187,175,172,171,166,165,187 (HA1),HA1,D,D,P,N
188,176,173,172,167,166,188 (HA1),HA1,L,L,A,I
189,177,174,173,168,167,189 (HA1),HA1,L,L,L,L
190,178,175,174,169,168,190 (HA1),HA1,I,I,I,F
191,179,176,175,170,169,191 (HA1),HA1,L,L,V,M
192,180,177,176,171,170,192 (HA1),HA1,W,W,W,W
193,181,178,177,172,171,193 (HA1),HA1,G,G,G,G
194,182,179,178,173,172,194 (HA1),HA1,I,I,I,I
195,183,180,179,174,173,195 (HA1),HA1,H,H,H,N
196,184,181,180,175,174,196 (HA1),HA1,H,H,H,H
197,185,182,181,176,175,197 (HA1),HA1,S,S,S,P
198,186,183,182,177,176,198 (HA1),region-B,N,N,V,P
199,187,184,183,178,177,199 (HA1),region-B,N,N,S,T
200,188,185,184,179,178,200 (HA1),region-B,A,A,T,D
201,189,186,185,180,179,201 (HA1),region-B,E,E,A,T
202,190,187,186,181,180,202 (HA1),region-B,E,E,E,T
203,191,188,187,182,181,203 (HA1),region-B,Q,Q,Q,Q
204,192,189,188,183,182,204 (HA1),region-B,T,T,T,T
205,193,190,189,184,183,205 (HA1),region-B,N,N,K,N
206,194,191,190,185,184,206 (HA1),region-B,L,L,L,L
207,195,192,191,186,185,207 (HA1),region-B,Y,Y,Y,Y
208,196,193,192,187,186,208 (HA1),region-B,K,K,G,T
209,197,194,193,188,187,209 (HA1),region-B,N,N,S,R
210,198,195,194,189,188,210 (HA1),region-B,P,P,G,T
211,199,196,195,190,189,211 (HA1),HA1,T,T,N,D
212,200,197,196,191,190,212 (HA1),HA1,T,T,K,T
213,201,198,197,192,191,213 (HA1),region-D,Y,Y,L,T
214,202,199,198,193,192,214 (HA1),region-D,I,I,V,T
215,203,200,199,194,193,215 (HA1),region-D,S,S,T,S
216,204,201,200,195,194,216 (HA1),region-D,V,V,V,V
217,205,202,201,196,195,217 (HA1),region-D,G,G,G,A
218,206,203,202,197,196,218 (HA1),region-D,T,T,S,T
219,207,204,203,198,197,219 (HA1),region-D,S,S,S,E
220,208,205,204,199,198,220 (HA1),region-D,T,T,N,E
221,209,206,205,200,199,221 (HA1),region-D,L,L,Y,I
222,210,207,206,201,200,222 (HA1),region-D,N,N,Q,N
223,211,208,207,202,201,223 (HA1),region-D,Q,Q,Q,R
224,212,209,208,203,202,224 (HA1),region-D,R,R,S,T
225,213,210,209,204,203,225 (HA1),region-D,L,L,F,F
226,214,211,210,205,204,226 (HA1),region-D,A,V,V,K
227,215,212,211,206,205,227 (HA1),region-D,P,P,P,P
228,216,213,212,207,206,228 (HA1),region-D,K,K,S,L
229,217,214,213,208,207,229 (HA1),region-D,I,I,P,I
230,218,215,214,209,208,230 (HA1),region-D,A,A,G,G
231,219,216,215,210,209,231 (HA1),region-D,T,T,A,P
232,220,217,216,211,210,232 (HA1),HA1,R,R,R,R
233,221,218,217,212,211,233 (HA1),HA1,S,S,P,P
234,222,219,218,213,212,234 (HA1),HA1,Q,Q,Q,L
235,223,220,219,214,213,235 (HA1),HA1,V,V,V,V
236,224,221,220,215,214,236 (HA1),HA1,N,N,N,N
237,225,222,221,216,215,237 (HA1),HA1,G,G,G,G
238,226,223,222,217,216,238 (HA1),HA1,Q,Q,L,L
239,227,224,223,218,217,239 (HA1),HA1,R,R,S,Q
240,228,225,224,219,218,240 (HA1),HA1,G,G,G,G
241,229,226,225,220,219,241 (HA1),HA1,R,R,R,R
242,230,227,226,221,220,242 (HA1),HA1,M,M,I,I
243,231,228,227,222,221,243 (HA1),HA1,D,D,D,D
244,232,229,228,223,222,244 (HA1),HA1,F,F,F,Y
245,233,230,229,224,223,245 (HA1),HA1,F,F,H,Y
246,234,231,230,225,224,246 (HA1),HA1,W,W,W,W
247,235,232,231,226,225,247 (HA1),HA1,T,T,L,S
248,236,233,232,227,226,248 (HA1),HA1,I,I,M,V
249,237,234,233,228,227,249 (HA1),HA1,L,L,L,L
250,238,235,234,229,228,250 (HA1),HA1,K,K,N,K
251,239,236,235,230,229,251 (HA1),HA1,P,P,P,P
252,240,237,236,231,230,252 (HA1),HA1,D,D,N,G
253,241,238,237,232,231,253 (HA1),HA1,D,D,D,Q
254,242,239,238,233,232,254 (HA1),HA1,A,A,T,T
255,243,240,239,234,233,255 (HA1),HA1,I,I,V,L
256,244,241,240,235,234,256 (HA1),HA1,H,H,T,R
257,245,242,241,236,235,257 (HA1),HA1,F,F,F,I
258,246,243,242,237,236,258 (HA1),HA1,E,E,S,R
259,247,244,243,238,237,259 (HA1),HA1,S,S,F,S
260,248,245,244,239,238,260 (HA1),HA1,N,N,N,N
261,249,246,245,240,239,261 (HA1),HA1,G,G,G,G
262,250,247,246,241,240,262 (HA1),HA1,N,N,A,N
263,251,248,247,242,241,263 (HA1),HA1,F,F,F,L
264,252,249,248,243,242,264 (HA1),HA1,I,I,I,I
265,253,250,249,244,243,265 (HA1),HA1,A,A,A,A
266,254,251,250,245,244,266 (HA1),HA1,P,P,P,P
267,255,252,251,246,245,267 (HA1),HA1,E,E,D,W
268,256,253,252,247,246,268 (HA1),HA1,Y,Y,R,Y
269,257,254,253,248,247,269 (HA1),HA1,A,A,A,G
270,258,255,254,249,248,270 (HA1),HA1,Y,Y,S,H
271,259,256,255,250,249,271 (HA1),HA1,K,K,F,I
272,260,257,256,251,250,272 (HA1),region-E,I,I,L,L
273,261,258,257,252,251,273 (HA1),region-E,V,V,R,S
274,262,259,258,253,252,274 (HA1),region-E,K,K,G,G
275,262a,260,259,254,253,275 (HA1),region-E,K,K,K,E
276,263,261,260,255,254,276 (HA1),region-E,G,G,S,S
277,264,262,261,256,255,277 (HA1),region-E,D,D,M,H
278,265,263,262,257,256,278 (HA1),region-E,S,S,G,G
279,266,264,263,,257,279 (HA1),region-E,T,T,-,R
280,267,265,264,,258,280 (HA1),region-E,I,I,-,I
281,268,266,265,258,259,281 (HA1),region-E,M,M,I,L
282,269,267,266,259,260,282 (HA1),HA1,K,K,Q,K
283,270,268,267,260,261,283 (HA1),HA1,S,S,S,T
284,271,269,268,261,262,284 (HA1),HA1,G,G,G,D
285,272,270,269,262,263,285 (HA1),HA1,V,V,V,L
286,273,271,270,263,264,286 (HA1),region-C,E,E,Q,K
287,274,272,271,264,265,287 (HA1),region-C,Y,Y,V,R
,,,,265,,,-,-,D,-,-
288,275,273,272,266,266,288 (HA1),region-C,G,G,A,G
289,276,274,273,267,267,289 (HA1),region-C,H,H,N,S
290,277,275,274,268,268,290 (HA1),region-C,C,C,C,C
291,278,276,275,269,269,291 (HA1),region-C,N,N,E,T
292,279,277,276,270,270,292 (HA1),region-C,T,T,G,V
293,280,278,277,271,271,293 (HA1),region-C,K,K,D,Q
294,281,279,278,272,272,294 (HA1),HA1,C,C,C,C
295,282,280,279,273,273,295 (HA1),HA1,Q,Q,Y,Q
296,283,281,280,274,274,296 (HA1),HA1,T,T,H,T
297,284,282,281,275,275,297 (HA1),HA1,P,P,S,E
298,285,283,282,276,276,298 (HA1),HA1,V,V,G,K
299,286,284,283,277,277,299 (HA1),HA1,G,G,G,G
300,287,285,284,278,278,300 (HA1),HA1,A,A,T,G
301,288,286,285,279,279,301 (HA1),HA1,I,I,I,L
302,289,287,286,280,280,302 (HA1),HA1,N,N,I,N
303,290,288,287,281,281,303 (HA1),HA1,S,S,S,T
304,291,289,288,282,282,304 (HA1),HA1,S,S,N,T
305,292,290,289,283,283,305 (HA1),HA1,M,M,L,L
306,293,291,290,284,284,306 (HA1),HA1,P,P,P,P
307,294,292,291,285,285,307 (HA1),HA1,F,F,F,F
308,295,293,292,286,286,308 (HA1),HA1,H,H,Q,Q
309,296,294,293,287,287,309 (HA1),HA1,N,N,N,N
310,297,295,294,288,288,310 (HA1),HA1,I,I,I,V
311,298,296,295,289,289,311 (HA1),HA1,H,H,D,S
312,299,297,296,290,290,312 (HA1),HA1,P,P,S,K
313,300,298,297,291,291,313 (HA1),HA1,L,L,R,Y
314,301,299,298,292,292,314 (HA1),HA1,T,T,A,A
315,302,300,299,293,293,315 (HA1),HA1,I,I,V,F
316,303,301,300,294,294,316 (HA1),HA1,G,G,G,G
317,304,302,301,295,295,317 (HA1),HA1,E,E,K,N
318,305,303,302,296,296,318 (HA1),HA1,C,C,C,C
319,306,304,303,297,297,319 (HA1),HA1,P,P,P,S
320,307,305,304,298,298,320 (HA1),HA1,K,K,R,K
321,308,306,305,299,299,321 (HA1),HA1,Y,Y,Y,Y
322,309,307,306,300,300,322 (HA1),HA1,V,V,V,V
323,310,308,307,301,301,323 (HA1),HA1,K,K,K,G
324,311,309,308,302,302,324 (HA1),HA1,S,S,Q,I
325,312,310,309,303,303,325 (HA1),HA1,N,N,R,K
326,313,311,310,304,304,326 (HA1),HA1,K,K,S,S
327,314,312,311,305,305,327 (HA1),HA1,L,L,L,L
328,315,313,312,306,306,328 (HA1),HA1,V,V,L,K
329,316,314,313,307,307,329 (HA1),HA1,L,L,L,L
330,317,315,314,308,308,330 (HA1),HA1,A,A,A,A
331,318,316,315,309,309,331 (HA1),HA1,T,T,T,V
332,319,317,316,310,310,332 (HA1),HA1,G,G,G,G
333,320,318,317,311,311,333 (HA1),HA1,L,L,M,L
334,321,319,318,312,312,334 (HA1),HA1,R,R,K,R
335,322,320,319,313,313,335 (HA1),HA1,N,N,N,N
336,323,321,320,314,314,336 (HA1),HA1,S,S,V,V
337,324,322,321,315,315,337 (HA1),HA1,P,P,P,P
338,325,323,322,,,338 (HA1),HA1,L,L,-,-
339,326,324,323,,,339 (HA1),HA1,R,R,-,-
340,327,325,324,316,,340 (HA1),HA1,E,E,E,-
341,328,326,325,317,316,341 (HA1),HA1,K,K,I,S
342,328a,326a,326,318,317,342 (HA1),PBCS,R,R,P,R
343,328b,326b,327,319,318,343 (HA1),PBCS,R,R,K,S
344,328c,326c,328,320,319,344 (HA1),PBCS,K,K,G,S
345,329,327,329,321,320,345 (HA1),PBCS,R,R,R,R
346,330,328,330,322,321,1 (HA2),HA2,G,G,G,G
347,331,329,331,323,322,2 (HA2),HA2,L,L,L,L
348,332,330,332,324,323,3 (HA2),HA2,F,F,F,F
349,333,331,333,325,324,4 (HA2),HA2,G,G,G,G
350,334,332,334,326,325,5 (HA2),HA2,A,A,A,A
351,335,333,335,327,326,6 (HA2),HA2,I,I,I,I
352,336,334,336,328,327,7 (HA2),HA2,A,A,A,A
353,337,335,337,329,328,8 (HA2),HA2,G,G,G,G
354,338,336,338,330,329,9 (HA2),HA2,F,F,F,F
355,339,337,339,331,330,10 (HA2),HA2,I,I,I,I
356,340,338,340,332,331,11 (HA2),HA2,E,E,E,E
357,341,339,341,333,332,12 (HA2),HA2,G,G,N,G
358,342,340,342,334,333,13 (HA2),HA2,G,G,G,G
359,343,341,343,335,334,14 (HA2),HA2,W,W,W,W
360,344,342,344,336,335,15 (HA2),HA2,Q,Q,E,S
361,345,343,345,337,336,16 (HA2),HA2,G,G,G,G
362,346,344,346,338,337,17 (HA2),HA2,M,M,L,L
363,347,345,347,339,338,18 (HA2),HA2,V,V,I,V
364,348,346,348,340,339,19 (HA2),HA2,D,D,D,A
365,349,347,349,341,340,20 (HA2),HA2,G,G,G,G
366,350,348,350,342,341,21 (HA2),HA2,W,W,W,W
367,351,349,351,343,342,22 (HA2),HA2,Y,Y,Y,Y
368,352,350,352,344,343,23 (HA2),HA2,G,G,G,G
369,353,351,353,345,344,24 (HA2),HA2,Y,Y,F,F
370,354,352,354,346,345,25 (HA2),HA2,H,H,R,Q
371,355,353,355,347,346,26 (HA2),HA2,H,H,H,H
372,356,354,356,348,347,27 (HA2),HA2,S,S,Q,S
373,357,355,357,349,348,28 (HA2),HA2,N,N,N,N
374,358,356,358,350,349,29 (HA2),HA2,E,E,A,D
375,359,357,359,351,350,30 (HA2),HA2,Q,Q,Q,Q
376,360,358,360,352,351,31 (HA2),HA2,G,G,G,G
377,361,359,361,353,352,32 (HA2),HA2,S,S,E,V
378,362,360,362,354,353,33 (HA2),HA2,G,G,G,G
379,363,361,363,355,354,34 (HA2),HA2,Y,Y,T,M
380,364,362,364,356,355,35 (HA2),HA2,A,A,A,A
381,365,363,365,357,356,36 (HA2),HA2,A,A,A,A
382,366,364,366,358,357,37 (HA2),HA2,D,D,D,D
383,367,365,367,359,358,38 (HA2),HA2,K,K,Y,R
384,368,366,368,360,359,39 (HA2),HA2,E,E,K,D
385,369,367,369,361,360,40 (HA2),HA2,S,S,S,S
386,370,368,370,362,361,41 (HA2),HA2,T,T,T,T
387,371,369,371,363,362,42 (HA2),HA2,Q,Q,Q,Q
388,372,370,372,364,363,43 (HA2),HA2,K,K,S,K
389,373,371,373,365,364,44 (HA2),HA2,A,A,A,A
390,374,372,374,366,365,45 (HA2),HA2,I,I,I,I
391,375,373,375,367,366,46 (HA2),HA2,D,D,D,D
392,376,374,376,368,367,47 (HA2),HA2,G,G,Q,K
393,377,375,377,369,368,48 (HA2),HA2,V,V,I,I
394,378,376,378,370,369,49 (HA2),HA2,T,T,T,T
395,379,377,379,371,370,50 (HA2),HA2,N,N,G,S
396,380,378,380,372,371,51 (HA2),HA2,K,K,K,K
397,381,379,381,373,372,52 (HA2),HA2,V,V,L,V
398,382,380,382,374,373,53 (HA2),HA2,N,N,N,N
399,383,381,383,375,374,54 (HA2),HA2,S,S,R,N
400,384,382,384,376,375,55 (HA2),HA2,I,I,L,I
401,385,383,385,377,376,56 (HA2),HA2,I,I,I,V
402,386,384,386,378,377,57 (HA2),HA2,D,D,E,D
403,387,385,387,379,378,58 (HA2),HA2,K,K,K,K
404,388,386,388,380,379,59 (HA2),HA2,M,M,T,M
405,389,387,389,381,380,60 (HA2),HA2,N,N,N,N
406,390,388,390,382,381,61 (HA2),HA2,T,T,Q,K
407,391,389,391,383,382,62 (HA2),HA2,Q,Q,Q,Q
408,392,390,392,384,383,63 (HA2),HA2,F,F,F,Y
409,393,391,393,385,384,64 (HA2),HA2,E,E,E,E
410,394,392,394,386,385,65 (HA2),HA2,A,A,L,I
411,395,393,395,387,386,66 (HA2),HA2,V,V,I,I
412,396,394,396,388,387,67 (HA2),HA2,G,G,D,D
413,397,395,397,389,388,68 (HA2),HA2,R,R,N,H
414,398,396,398,390,389,69 (HA2),HA2,E,E,E,E
415,399,397,399,391,390,70 (HA2),HA2,F,F,F,F
416,400,398,400,392,391,71 (HA2),HA2,N,N,N,S
417,401,399,401,393,392,72 (HA2),HA2,N,N,E,E
418,402,400,402,394,393,73 (HA2),HA2,L,L,V,V
419,403,401,403,395,394,74 (HA2),HA2,E,E,E,E
420,404,402,404,396,395,75 (HA2),HA2,R,R,K,T
421,405,403,405,397,396,76 (HA2),HA2,R,R,Q,R
422,406,404,406,398,397,77 (HA2),HA2,I,I,I,L
423,407,405,407,399,398,78 (HA2),HA2,E,E,G,N
424,408,406,408,400,399,79 (HA2),HA2,N,N,N,M
425,409,407,409,401,400,80 (HA2),HA2,L,L,V,I
426,410,408,410,402,401,81 (HA2),HA2,N,N,I,N
427,411,409,411,403,402,82 (HA2),HA2,K,K,N,N
428,412,410,412,404,403,83 (HA2),HA2,K,K,W,K
429,413,411,413,405,404,84 (HA2),HA2,M,M,T,I
430,414,412,414,406,405,85 (HA2),HA2,E,E,R,D
431,415,413,415,407,406,86 (HA2),HA2,D,D,D,D
432,416,414,416,408,407,87 (HA2),HA2,G,G,S,Q
433,417,415,417,409,408,88 (HA2),HA2,F,F,I,I
434,418,416,418,410,409,89 (HA2),HA2,L,L,T,Q
435,419,417,419,411,410,90 (HA2),HA2,D,D,E,D
436,420,418,420,412,411,91 (HA2),HA2,V,V,V,I
437,421,419,421,413,412,92 (HA2),HA2,W,W,W,W
438,422,420,422,414,413,93 (HA2),HA2,T,T,S,A
439,423,421,423,415,414,94 (HA2),HA2,Y,Y,Y,Y
440,424,422,424,416,415,95 (HA2),HA2,N,N,N,N
441,425,423,425,417,416,96 (HA2),HA2,A,A,A,A
442,426,424,426,418,417,97 (HA2),HA2,E,E,E,E
443,427,425,427,419,418,98 (HA2),HA2,L,L,L,L
444,428,426,428,420,419,99 (HA2),HA2,L,L,L,L
445,429,427,429,421,420,100 (HA2),HA2,V,V,V,V
446,430,428,430,422,421,101 (HA2),HA2,L,L,A,L
447,431,429,431,423,422,102 (HA2),HA2,M,M,M,L
448,432,430,432,424,423,103 (HA2),HA2,E,E,E,E
449,433,431,433,425,424,104 (HA2),HA2,N,N,N,N
450,434,432,434,426,425,105 (HA2),HA2,E,E,Q,Q
451,435,433,435,427,426,106 (HA2),HA2,R,R,H,K
452,436,434,436,428,427,107 (HA2),HA2,T,T,T,T
453,437,435,437,429,428,108 (HA2),HA2,L,L,I,L
454,438,436,438,430,429,109 (HA2),HA2,D,D,D,D
455,439,437,439,431,430,110 (HA2),HA2,F,F,L,E
456,440,438,440,432,431,111 (HA2),HA2,H,H,A,H
457,441,439,441,433,432,112 (HA2),HA2,D,D,D,D
458,442,440,442,434,433,113 (HA2),HA2,S,S,S,A
459,443,441,443,435,434,114 (HA2),HA2,N,N,E,N
460,444,442,444,436,435,115 (HA2),HA2,V,V,M,V
461,445,443,445,437,436,116 (HA2),HA2,K,K,D,N
462,446,444,446,438,437,117 (HA2),HA2,N,N,K,N
463,447,445,447,439,438,118 (HA2),HA2,L,L,L,L
464,448,446,448,440,439,119 (HA2),HA2,Y,Y,Y,Y
465,449,447,449,441,440,120 (HA2),HA2,D,D,E,N
466,450,448,450,442,441,121 (HA2),HA2,K,K,R,K
467,451,449,451,443,442,122 (HA2),HA2,V,V,V,V
468,452,450,452,444,443,123 (HA2),HA2,R,R,K,K
469,453,451,453,445,444,124 (HA2),HA2,L,L,R,R
470,454,452,454,446,445,125 (HA2),HA2,Q,Q,Q,A
471,455,453,455,447,446,126 (HA2),HA2,L,L,L,L
472,456,454,456,448,447,127 (HA2),HA2,R,R,R,G
473,457,455,457,449,448,128 (HA2),HA2,D,D,E,S
474,458,456,458,450,449,129 (HA2),HA2,N,N,N,N
475,459,457,459,451,450,130 (HA2),HA2,A,A,A,A
476,460,458,460,452,451,131 (HA2),HA2,K,K,E,V
477,461,459,461,453,452,132 (HA2),HA2,E,E,E,E
478,462,460,462,454,453,133 (HA2),HA2,L,L,D,D
479,463,461,463,455,454,134 (HA2),HA2,G,G,G,G
480,464,462,464,456,455,135 (HA2),HA2,N,N,T,K
481,465,463,465,457,456,136 (HA2),HA2,G,G,G,G
482,466,464,466,458,457,137 (HA2),HA2,C,C,C,C
483,467,465,467,459,458,138 (HA2),HA2,F,F,F,F
484,468,466,468,460,459,139 (HA2),HA2,E,E,E,E
485,469,467,469,461,460,140 (HA2),HA2,F,F,I,L
486,470,468,470,462,461,141 (HA2),HA2,Y,Y,F,Y
487,471,469,471,463,462,142 (HA2),HA2,H,H,H,H
488,472,470,472,464,463,143 (HA2),HA2,K,K,K,K
489,473,471,473,465,464,144 (HA2),HA2,C,C,C,C
490,474,472,474,466,465,145 (HA2),HA2,D,D,D,D
491,475,473,475,467,466,146 (HA2),HA2,N,N,D,D
492,476,474,476,468,467,147 (HA2),HA2,E,E,D,Q
493,477,475,477,469,468,148 (HA2),HA2,C,C,C,C
494,478,476,478,470,469,149 (HA2),HA2,M,M,M,M
495,479,477,479,471,470,150 (HA2),HA2,E,E,A,E
496,480,478,480,472,471,151 (HA2),HA2,S,S,S,T
497,481,479,481,473,472,152 (HA2),HA2,V,V,I,I
498,482,480,482,474,473,153 (HA2),HA2,R,R,R,R
499,483,481,483,475,474,154 (HA2),HA2,N,N,N,N
500,484,482,484,476,475,155 (HA2),HA2,G,G,N,G
501,485,483,485,477,476,156 (HA2),HA2,T,T,T,T
502,486,484,486,478,477,157 (HA2),HA2,Y,Y,Y,Y
503,487,485,487,479,478,158 (HA2),HA2,D,D,D,N
504,488,486,488,480,479,159 (HA2),HA2,Y,Y,H,R
505,489,487,489,481,480,160 (HA2),HA2,P,P,S,R
506,490,488,490,482,481,161 (HA2),HA2,Q,Q,K,K
507,491,489,491,483,482,162 (HA2),HA2,Y,Y,Y,Y
508,492,490,492,484,483,163 (HA2),HA2,S,S,R,Q
509,493,491,493,485,484,164 (HA2),HA2,E,E,E,E
510,494,492,494,486,485,165 (HA2),HA2,E,E,E,E
511,495,493,495,487,486,166 (HA2),HA2,A,A,A,S
512,496,494,496,488,487,167 (HA2),HA2,R,R,M,K
513,497,495,497,489,488,168 (HA2),HA2,L,L,Q,L
514,498,496,498,490,489,169 (HA2),HA2,K,K,N,E
515,499,497,499,491,490,170 (HA2),HA2,R,R,R,R
516,500,498,500,492,491,171 (HA2),HA2,E,E,I,Q
517,501,499,501,493,492,172 (HA2),HA2,E,E,Q,K
518,502,500,502,494,493,173 (HA2),HA2,I,I,I,I
519,503,501,503,495,494,174 (HA2),HA2,S,S,D,E
520,504,502,504,496,495,175 (HA2),HA2,G,G,P,G
521,505,503,505,497,496,176 (HA2),HA2,V,V,V,V
522,506,504,506,498,497,177 (HA2),HA2,K,K,K,K
523,507,505,507,499,498,178 (HA2),HA2,L,L,L,L
524,508,506,508,500,499,179 (HA2),HA2,E,E,S,E
525,509,507,509,501,500,180 (HA2),HA2,S,S,S,S
526,510,508,510,,501,181 (HA2),HA2,V,I,-,E
527,510a,509,511,502,502,182 (HA2),HA2,G,G,G,G
528,511,510,512,503,503,183 (HA2),HA2,T,T,Y,T
529,512,511,513,504,504,184 (HA2),HA2,Y,Y,K,Y
530,513,512,514,505,505,185 (HA2),HA2,Q,Q,D,K
531,514,513,515,506,506,186 (HA2),HA2,I,I,V,I
532,515,514,516,507,507,187 (HA2),HA2,L,L,I,L
533,516,515,517,508,508,188 (HA2),HA2,S,S,L,T
534,517,516,518,509,509,189 (HA2),HA2,I,I,W,I
535,518,517,519,510,510,190 (HA2),HA2,Y,Y,F,Y
536,519,518,520,511,511,191 (HA2),HA2,S,S,S,S
537,520,519,521,512,512,192 (HA2),HA2,T,T,F,T
538,521,520,522,513,513,193 (HA2),HA2,A,A,G,V
539,522,521,523,514,514,194 (HA2),HA2,A,A,A,A
540,523,522,524,515,515,195 (HA2),HA2,S,S,S,S
541,524,523,525,516,516,196 (HA2),HA2,S,S,C,S
542,525,524,526,517,517,197 (HA2),HA2,L,L,F,L
543,526,525,527,518,518,198 (HA2),HA2,A,A,I,V
544,527,526,528,519,519,199 (HA2),HA2,L,L,L,I
545,528,527,529,520,520,200 (HA2),HA2,A,A,L,A
546,529,528,530,521,521,201 (HA2),HA2,I,I,A,M
547,530,529,531,522,522,202 (HA2),HA2,M,M,I,G
548,531,530,532,523,523,203 (HA2),HA2,M,I,V,F
549,532,531,533,524,524,204 (HA2),HA2,A,A,M,A
550,533,532,534,525,525,205 (HA2),HA2,G,G,G,A
551,534,533,535,526,526,206 (HA2),HA2,L,L,L,F
552,535,534,536,527,527,207 (HA2),HA2,S,S,V,L
553,536,535,537,528,528,208 (HA2),HA2,L,L,F,F
554,537,536,538,529,529,209 (HA2),HA2,W,W,I,W
555,538,537,539,530,530,210 (HA2),HA2,M,M,C,A
556,539,538,540,531,531,211 (HA2),HA2,C,C,V,M
557,540,539,541,532,532,212 (HA2),HA2,S,S,K,S
558,541,540,542,533,533,213 (HA2),HA2,N,N,N,N
559,542,541,543,534,534,214 (HA2),HA2,G,G,G,G
560,543,542,544,535,535,215 (HA2),HA2,S,S,N,S
561,544,543,545,536,536,216 (HA2),HA2,L,L,M,C
562,545,544,546,537,537,217 (HA2),HA2,Q,Q,R,R
563,546,545,547,538,538,218 (HA2),HA2,C,C,C,C
564,547,546,548,539,539,219 (HA2),HA2,R,R,T,N
565,548,547,549,540,540,220 (HA2),HA2,I,I,I,I
566,549,548,550,541,541,221 (HA2),HA2,C,C,C,C
567,550,549,551,542,542,222 (HA2),HA2,I,I,I,I
568,551,550,552,543,543,223 (HA2),HA2,*,*,*,*
